ticker,ticker_fullwidth,company_name
13010,１３０１０,極洋
13320,１３３２０,ニッスイ
13330,１３３３０,マルハニチロ
13750,１３７５０,雪国まいたけ
13760,１３７６０,カネコ種苗
13770,１３７７０,サカタのタネ
13790,１３７９０,ホクト
14140,１４１４０,ショーボンドホールディングス
14170,１４１７０,ミライト・ワン
14190,１４１９０,タマホーム
14350,１４３５０,ｒｏｂｏｔ　ｈｏｍｅ
15140,１５１４０,住石ホールディングス
15150,１５１５０,日鉄鉱業
15180,１５１８０,三井松島ホールディングス
16050,１６０５０,ＩＮＰＥＸ
16620,１６６２０,石油資源開発
16630,１６６３０,Ｋ＆Ｏエナジーグループ
167A0,１６７A０,リョーサン菱洋ホールディングス
17160,１７１６０,第一カッター興業
17190,１７１９０,安藤・間
17200,１７２００,東急建設
17210,１７２１０,コムシスホールディングス
17260,１７２６０,ビーアールホールディングス
17620,１７６２０,高松コンストラクショングループ
17660,１７６６０,東建コーポレーション
17800,１７８００,ヤマウラ
17860,１７８６０,オリエンタル白石
18010,１８０１０,大成建設
18020,１８０２０,大林組
18030,１８０３０,清水建設
18080,１８０８０,長谷工コーポレーション
18100,１８１００,松井建設
18120,１８１２０,鹿島建設
18130,１８１３０,不動テトラ
18150,１８１５０,鉄建建設
18200,１８２００,西松建設
18210,１８２１０,三井住友建設
18220,１８２２０,大豊建設
18330,１８３３０,奥村組
18350,１８３５０,東鉄工業
18520,１８５２０,淺沼組
18600,１８６００,戸田建設
18610,１８６１０,熊谷組
18700,１８７００,矢作建設工業
18710,１８７１０,ピーエス・コンストラクション
18730,１８７３０,日本ハウスホールディングス
18780,１８７８０,大東建託
18790,１８７９０,新日本建設
18820,１８８２０,東亜道路工業
18840,１８８４０,日本道路
18850,１８８５０,東亜建設工業
18870,１８８７０,日本国土開発
18880,１８８８０,若築建設
18900,１８９００,東洋建設
18930,１８９３０,五洋建設
18980,１８９８０,世紀東急工業
18990,１８９９０,福田組
19110,１９１１０,住友林業
19250,１９２５０,大和ハウス工業
19260,１９２６０,ライト工業
19280,１９２８０,積水ハウス
19290,１９２９０,日特建設
19300,１９３００,北陸電気工事
19340,１９３４０,ユアテック
19380,１９３８０,日本リーテック
19390,１９３９０,四電工
19410,１９４１０,中電工
19420,１９４２０,関電工
19440,１９４４０,きんでん
19450,１９４５０,東京エネシス
19460,１９４６０,トーエネック
19490,１９４９０,住友電設
19500,１９５００,日本電設工業
19510,１９５１０,エクシオグループ
19520,１９５２０,新日本空調
19590,１９５９０,九電工
19610,１９６１０,三機工業
19630,１９６３０,日揮ホールディングス
19640,１９６４０,中外炉工業
19680,１９６８０,太平電業
19690,１９６９０,高砂熱学工業
19730,１９７３０,ＮＥＣネッツエスアイ
19750,１９７５０,朝日工業社
19760,１９７６０,明星工業
19790,１９７９０,大氣社
19800,１９８００,ダイダン
19820,１９８２０,日比谷総合設備
20010,２００１０,ニップン
20020,２００２０,日清製粉グループ本社
20030,２００３０,日東富士製粉
20040,２００４０,昭和産業
20530,２０５３０,中部飼料
20600,２０６００,フィード・ワン
21080,２１０８０,日本甜菜製糖
21090,２１０９０,ＤＭ三井製糖ホールディングス
21170,２１１７０,ウェルネオシュガー
21200,２１２００,ＬＩＦＵＬＬ
21210,２１２１０,ＭＩＸＩ
21240,２１２４０,ジェイエイシーリクルートメント
21270,２１２７０,日本Ｍ＆Ａセンターホールディングス
21300,２１３００,メンバーズ
21460,２１４６０,ＵＴグループ
21480,２１４８０,アイティメディア
21500,２１５００,ケアネット
21530,２１５３０,Ｅ・Ｊホールディングス
21540,２１５４０,オープンアップグループ
21570,２１５７０,コシダカホールディングス
21680,２１６８０,パソナグループ
21700,２１７００,リンクアンドモチベーション
21750,２１７５０,エス・エム・エス
21810,２１８１０,パーソルホールディングス
21930,２１９３０,クックパッド
22010,２２０１０,森永製菓
22040,２２０４０,中村屋
22060,２２０６０,江崎グリコ
22070,２２０７０,名糖産業
22090,２２０９０,井村屋グループ
22110,２２１１０,不二家
22120,２２１２０,山崎製パン
22170,２２１７０,モロゾフ
22200,２２２００,亀田製菓
22220,２２２２０,寿スピリッツ
22290,２２２９０,カルビー
22640,２２６４０,森永乳業
22660,２２６６０,六甲バター
22670,２２６７０,ヤクルト本社
22690,２２６９０,明治ホールディングス
22700,２２７００,雪印メグミルク
22810,２２８１０,プリマハム
22820,２２８２０,日本ハム
22880,２２８８０,丸大食品
22920,２２９２０,Ｓ　Ｆｏｏｄｓ
22940,２２９４０,柿安本店
22960,２２９６０,伊藤ハム米久ホールディングス
23010,２３０１０,学情
23050,２３０５０,スタジオアリス
23070,２３０７０,クロスキャット
23170,２３１７０,システナ
23250,２３２５０,ＮＪＳ
23260,２３２６０,デジタルアーツ
23270,２３２７０,日鉄ソリューションズ
23310,２３３１０,綜合警備保障
23350,２３３５０,キューブシステム
23370,２３３７０,いちご
23530,２３５３０,日本駐車場開発
23590,２３５９０,コア
23710,２３７１０,カカクコム
23720,２３７２０,アイロムグループ
23740,２３７４０,セントケア・ホールディング
23780,２３７８０,ルネサンス
23790,２３７９０,ディップ
23840,２３８４０,ＳＢＳホールディングス
23890,２３８９０,デジタルホールディングス
23950,２３９５０,新日本科学
24130,２４１３０,エムスリー
24290,２４２９０,ワールドホールディングス
24320,２４３２０,ディー・エヌ・エー
24330,２４３３０,博報堂ＤＹホールディングス
24400,２４４００,ぐるなび
24450,２４４５０,タカミヤ
24610,２４６１０,ファンコミュニケーションズ
24620,２４６２０,ライク
24710,２４７１０,エスプール
24750,２４７５０,ＷＤＢホールディングス
24770,２４７７０,手間いらず
24890,２４８９０,アドウェイズ
24910,２４９１０,バリューコマース
24920,２４９２０,インフォマート
25010,２５０１０,サッポロホールディングス
25020,２５０２０,アサヒグループホールディングス
25030,２５０３０,キリンホールディングス
250A0,２５０A０,シマダヤ
25310,２５３１０,宝ホールディングス
25330,２５３３０,オエノンホールディングス
25400,２５４００,養命酒製造
256A0,２５６A０,飛島ホールディングス
25790,２５７９０,コカ・コーラ　ボトラーズジャパンホールディングス
25850,２５８５０,ライフドリンク　カンパニー
25870,２５８７０,サントリー食品インターナショナル
25900,２５９００,ダイドーグループホールディングス
25930,２５９３０,伊藤園
25940,２５９４０,キーコーヒー
26020,２６０２０,日清オイリオグループ
26070,２６０７０,不二製油グループ本社
26130,２６１３０,Ｊ−オイルミルズ
262A0,２６２A０,インターメスティック
26590,２６５９０,サンエー
26640,２６６４０,カワチ薬品
26700,２６７００,エービーシー・マート
26740,２６７４０,ハードオフコーポレーション
26760,２６７６０,高千穂交易
26780,２６７８０,アスクル
26810,２６８１０,ゲオホールディングス
26850,２６８５０,アダストリア
268A0,２６８A０,リガク・ホールディングス
26920,２６９２０,伊藤忠食品
26950,２６９５０,くら寿司
26980,２６９８０,キャンドゥ
27260,２７２６０,パルグループホールディングス
27300,２７３００,エディオン
27330,２７３３０,あらた
27340,２７３４０,サーラコーポレーション
27370,２７３７０,トーメンデバイス
27420,２７４２０,ハローズ
27490,２７４９０,ＪＰホールディングス
27520,２７５２０,フジオフードグループ本社
27530,２７５３０,あみやき亭
27600,２７６００,東京エレクトロン　デバイス
27670,２７６７０,円谷フィールズホールディングス
27680,２７６８０,双日
27840,２７８４０,アルフレッサ　ホールディングス
27910,２７９１０,大黒天物産
27920,２７９２０,ハニーズホールディングス
28010,２８０１０,キッコーマン
28020,２８０２０,味の素
28040,２８０４０,ブルドックソース
28090,２８０９０,キユーピー
28100,２８１００,ハウス食品グループ本社
28110,２８１１０,カゴメ
28150,２８１５０,アリアケジャパン
28190,２８１９０,エバラ食品工業
285A0,２８５A０,キオクシアホールディングス
28710,２８７１０,ニチレイ
28740,２８７４０,横浜冷凍
28750,２８７５０,東洋水産
28820,２８８２０,イートアンドホールディングス
28840,２８８４０,ヨシムラ・フード・ホールディングス
28970,２８９７０,日清食品ホールディングス
29080,２９０８０,フジッコ
29100,２９１００,ロック・フィールド
29140,２９１４０,日本たばこ産業
29150,２９１５０,ケンコーマヨネーズ
29180,２９１８０,わらべや日洋ホールディングス
29220,２９２２０,なとり
29290,２９２９０,ファーマフーズ
29300,２９３００,北の達人コーポレーション
29310,２９３１０,ユーグレナ
29330,２９３３０,紀文食品
29350,２９３５０,ピックルスホールディングス
29750,２９７５０,スター・マイカ・ホールディングス
29800,２９８００,ＳＲＥホールディングス
30010,３００１０,片倉工業
30020,３００２０,グンゼ
30030,３００３０,ヒューリック
30230,３０２３０,ラサ商事
30280,３０２８０,アルペン
30310,３０３１０,ラクーンホールディングス
30340,３０３４０,クオールホールディングス
30360,３０３６０,アルコニックス
30380,３０３８０,神戸物産
30400,３０４００,ソリトンシステムズ
30460,３０４６０,ジンズホールディングス
30480,３０４８０,ビックカメラ
30500,３０５００,ＤＣＭホールディングス
30530,３０５３０,ペッパーフードサービス
30640,３０６４０,ＭｏｎｏｔａＲＯ
30760,３０７６０,あい　ホールディングス
30860,３０８６０,Ｊ．フロント　リテイリング
30870,３０８７０,ドトール・日レスホールディングス
30880,３０８８０,マツキヨココカラ＆カンパニー
30910,３０９１０,ブロンコビリー
30920,３０９２０,ＺＯＺＯ
30930,３０９３０,トレジャー・ファクトリー
30970,３０９７０,物語コーポレーション
30990,３０９９０,三越伊勢丹ホールディングス
31010,３１０１０,東洋紡
31030,３１０３０,ユニチカ
31040,３１０４０,富士紡ホールディングス
31050,３１０５０,日清紡ホールディングス
31060,３１０６０,倉敷紡績
31070,３１０７０,ダイワボウホールディングス
31090,３１０９０,シキボウ
31100,３１１００,日東紡績
31160,３１１６０,トヨタ紡織
31320,３１３２０,マクニカホールディングス
31340,３１３４０,Ｈａｍｅｅ
31390,３１３９０,ラクト・ジャパン
31410,３１４１０,ウエルシアホールディングス
31480,３１４８０,クリエイトＳＤホールディングス
31500,３１５００,グリムス
31510,３１５１０,バイタルケーエスケー・ホールディングス
31530,３１５３０,八洲電機
31540,３１５４０,メディアスホールディングス
31560,３１５６０,レスター
31670,３１６７０,ＴＯＫＡＩホールディングス
31760,３１７６０,三洋貿易
31790,３１７９０,シュッピン
31800,３１８００,ビューティガレージ
31820,３１８２０,オイシックス・ラ・大地
31830,３１８３０,ウイン・パートナーズ
31860,３１８６０,ネクステージ
31910,３１９１０,ジョイフル本田
31930,３１９３０,エターナルホスピタリティグループ
31960,３１９６０,ホットランド
31970,３１９７０,すかいらーくホールディングス
31980,３１９８０,ＳＦＰホールディングス
31990,３１９９０,綿半ホールディングス
32010,３２０１０,日本毛織
32210,３２２１０,ヨシックスホールディングス
32220,３２２２０,ユナイテッド・スーパーマーケット・ホールディングス
32310,３２３１０,野村不動産ホールディングス
32320,３２３２０,三重交通グループホールディングス
32450,３２４５０,ディア・ライフ
32520,３２５２０,地主
32540,３２５４０,プレサンスコーポレーション
32670,３２６７０,フィル・カンパニー
32760,３２７６０,ＪＰＭＣ
32840,３２８４０,フージャースホールディングス
32880,３２８８０,オープンハウスグループ
32890,３２８９０,東急不動産ホールディングス
32910,３２９１０,飯田グループホールディングス
33020,３３０２０,帝国繊維
33150,３３１５０,日本コークス工業
33190,３３１９０,ゴルフダイジェスト・オンライン
33280,３３２８０,ＢＥＥＮＯＳ
33330,３３３３０,あさひ
33410,３３４１０,日本調剤
33490,３３４９０,コスモス薬品
33600,３３６００,シップヘルスケアホールディングス
33710,３３７１０,ソフトクリエイトホールディングス
33820,３３８２０,セブン＆アイ・ホールディングス
33870,３３８７０,クリエイト・レストランツ・ホールディングス
33880,３３８８０,明治電機工業
33910,３３９１０,ツルハホールディングス
33950,３３９５０,サンマルクホールディングス
33970,３３９７０,トリドールホールディングス
34010,３４０１０,帝人
34020,３４０２０,東レ
34050,３４０５０,クラレ
34070,３４０７０,旭化成
34150,３４１５０,ＴＯＫＹＯ　ＢＡＳＥ
34210,３４２１０,稲葉製作所
34310,３４３１０,宮地エンジニアリンググループ
34330,３４３３０,トーカロ
34360,３４３６０,ＳＵＭＣＯ
34430,３４４３０,川田テクノロジーズ
34450,３４４５０,ＲＳ　Ｔｅｃｈｎｏｌｏｇｉｅｓ
34570,３４５７０,Ａｎｄ　Ｄｏホールディングス
34580,３４５８０,シーアールイー
34650,３４６５０,ケイアイスター不動産
34750,３４７５０,グッドコムアセット
34800,３４８００,ジェイ・エス・ビー
34820,３４８２０,ロードスターキャピタル
34980,３４９８０,霞ヶ関キャピタル
35390,３５３９０,ＪＭホールディングス
35430,３５４３０,コメダホールディングス
35460,３５４６０,アレンザホールディングス
35470,３５４７０,串カツ田中ホールディングス
35480,３５４８０,バロックジャパンリミテッド
35490,３５４９０,クスリのアオキホールディングス
35610,３５６１０,力の源ホールディングス
35630,３５６３０,ＦＯＯＤ　＆　ＬＩＦＥ　ＣＯＭＰＡＮＩＥＳ
35650,３５６５０,アセンテック
35690,３５６９０,セーレン
35800,３５８００,小松マテーレ
35910,３５９１０,ワコールホールディングス
35930,３５９３０,ホギメディカル
36080,３６０８０,ＴＳＩホールディングス
36120,３６１２０,ワールド
36260,３６２６０,ＴＩＳ
36320,３６３２０,グリーホールディングス
36330,３６３３０,ＧＭＯペパボ
36350,３６３５０,コーエーテクモホールディングス
36360,３６３６０,三菱総合研究所
36490,３６４９０,ファインデックス
36550,３６５５０,ブレインパッド
36560,３６５６０,ＫＬａｂ
36570,３６５７０,ポールトゥウィンホールディングス
36590,３６５９０,ネクソン
36600,３６６００,アイスタイル
36610,３６６１０,エムアップホールディングス
36620,３６６２０,エイチーム
36630,３６６３０,セルシス
36650,３６６５０,エニグモ
36680,３６６８０,コロプラ
36730,３６７３０,ブロードリーフ
36760,３６７６０,デジタルハーツホールディングス
36780,３６７８０,メディアドゥ
36790,３６７９０,じげん
36810,３６８１０,ブイキューブ
36870,３６８７０,フィックスターズ
36880,３６８８０,ＣＡＲＴＡ　ＨＯＬＤＩＮＧＳ
36940,３６９４０,オプティム
36960,３６９６０,セレス
36970,３６９７０,ＳＨＩＦＴ
37080,３７０８０,特種東海製紙
37410,３７４１０,セック
37620,３７６２０,テクマトリックス
37630,３７６３０,プロシップ
37650,３７６５０,ガンホー・オンライン・エンターテイメント
37690,３７６９０,ＧＭＯペイメントゲートウェイ
37710,３７７１０,システムリサーチ
37740,３７７４０,インターネットイニシアティブ
37780,３７７８０,さくらインターネット
37880,３７８８０,ＧＭＯグローバルサイン・ホールディングス
38170,３８１７０,ＳＲＡホールディングス
38340,３８３４０,朝日ネット
38350,３８３５０,ｅＢＡＳＥ
38360,３８３６０,アバントグループ
38370,３８３７０,アドソル日進
38430,３８４３０,フリービット
38440,３８４４０,コムチュア
38530,３８５３０,アステリア
38540,３８５４０,アイル
38610,３８６１０,王子ホールディングス
38630,３８６３０,日本製紙
38650,３８６５０,北越コーポレーション
38800,３８８００,大王製紙
39010,３９０１０,マークラインズ
39020,３９０２０,メディカル・データ・ビジョン
39030,３９０３０,ｇｕｍｉ
39150,３９１５０,テラスカイ
39160,３９１６０,デジタル・インフォメーション・テクノロジー
39210,３９２１０,ネオジャパン
39220,３９２２０,ＰＲ　ＴＩＭＥＳ
39230,３９２３０,ラクス
39250,３９２５０,ダブルスタンダード
39260,３９２６０,オープンドア
39320,３９３２０,アカツキ
39370,３９３７０,Ｕｂｉｃｏｍホールディングス
39390,３９３９０,カナミックネットワーク
39410,３９４１０,レンゴー
39460,３９４６０,トーモク
39500,３９５００,ザ・パック
39620,３９６２０,チェンジホールディングス
39640,３９６４０,オークネット
39780,３９７８０,マクロミル
39830,３９８３０,オロ
39840,３９８４０,ユーザーローカル
39930,３９９３０,ＰＫＳＨＡ　Ｔｅｃｈｎｏｌｏｇｙ
39940,３９９４０,マネーフォワード
40040,４００４０,レゾナック・ホールディングス
40050,４００５０,住友化学
40080,４００８０,住友精化
40210,４０２１０,日産化学
40220,４０２２０,ラサ工業
40230,４０２３０,クレハ
40250,４０２５０,多木化学
40270,４０２７０,テイカ
40280,４０２８０,石原産業
40410,４０４１０,日本曹達
40420,４０４２０,東ソー
40430,４０４３０,トクヤマ
40440,４０４４０,セントラル硝子
40450,４０４５０,東亞合成
40460,４０４６０,大阪ソーダ
40470,４０４７０,関東電化工業
40530,４０５３０,Ｓｕｎ　Ａｓｔｅｒｉｓｋ
40610,４０６１０,デンカ
40620,４０６２０,イビデン
40630,４０６３０,信越化学工業
40640,４０６４０,日本カーバイド工業
40710,４０７１０,プラスアルファ・コンサルティング
40720,４０７２０,電算システムホールディングス
40780,４０７８０,堺化学工業
40820,４０８２０,第一稀元素化学工業
40880,４０８８０,エア・ウォーター
40910,４０９１０,日本酸素ホールディングス
40920,４０９２０,日本化学工業
40950,４０９５０,日本パーカライジング
40970,４０９７０,高圧ガス工業
40990,４０９９０,四国化成ホールディングス
41000,４１０００,戸田工業
41090,４１０９０,ステラ　ケミファ
41120,４１１２０,保土谷化学工業
41140,４１１４０,日本触媒
41160,４１１６０,大日精化工業
41180,４１１８０,カネカ
41510,４１５１０,協和キリン
41800,４１８００,Ａｐｐｉｅｒ　Ｇｒｏｕｐ
41820,４１８２０,三菱瓦斯化学
41830,４１８３０,三井化学
41860,４１８６０,東京応化工業
41870,４１８７０,大阪有機化学工業
41880,４１８８０,三菱ケミカルグループ
41890,４１８９０,ＫＨネオケム
41940,４１９４０,ビジョナル
42020,４２０２０,ダイセル
42030,４２０３０,住友ベークライト
42040,４２０４０,積水化学工業
42050,４２０５０,日本ゼオン
42060,４２０６０,アイカ工業
42080,４２０８０,ＵＢＥ
42120,４２１２０,積水樹脂
42160,４２１６０,旭有機材
42180,４２１８０,ニチバン
42200,４２２００,リケンテクノス
42210,４２２１０,大倉工業
42280,４２２８０,積水化成品工業
42290,４２２９０,群栄化学工業
42460,４２４６０,ダイキョーニシカワ
42490,４２４９０,森六ホールディングス
42510,４２５１０,恵和
42720,４２７２０,日本化薬
42750,４２７５０,カーリット
42860,４２８６０,ＣＬホールディングス
42900,４２９００,プレステージ・インターナショナル
42980,４２９８０,プロトコーポレーション
42990,４２９９０,ハイマックス
43010,４３０１０,アミューズ
43070,４３０７０,野村総合研究所
43100,４３１００,ドリームインキュベータ
43180,４３１８０,クイック
43230,４３２３０,日本システム技術
43240,４３２４０,電通グループ
43260,４３２６０,インテージホールディングス
43310,４３３１０,テイクアンドギヴ・ニーズ
43330,４３３３０,東邦システムサイエンス
43370,４３３７０,ぴあ
43430,４３４３０,イオンファンタジー
43440,４３４４０,ソースネクスト
43450,４３４５０,シーティーエス
43500,４３５００,メディカルシステムネットワーク
43620,４３６２０,日本精化
43680,４３６８０,扶桑化学工業
43690,４３６９０,トリケミカル研究所
43730,４３７３０,シンプレクス・ホールディングス
43820,４３８２０,ＨＥＲＯＺ
43840,４３８４０,ラクスル
43850,４３８５０,メルカリ
43900,４３９００,アイ・ピー・エス
43960,４３９６０,システムサポートホールディングス
44010,４４０１０,ＡＤＥＫＡ
44030,４４０３０,日油
44100,４４１００,ハリマ化成グループ
44200,４４２００,イーソル
44320,４４３２０,ウイングアーク１ｓｔ
44330,４４３３０,ヒト・コミュニケーションズ・ホールディングス
44340,４４３４０,サーバーワークス
44430,４４４３０,Ｓａｎｓａｎ
44490,４４４９０,ギフティ
44520,４４５２０,花王
44610,４４６１０,第一工業製薬
44620,４４６２０,石原ケミカル
44710,４４７１０,三洋化成工業
44800,４４８００,メドレー
44810,４４８１０,ベース
44830,４４８３０,ＪＭＤＣ
45020,４５０２０,武田薬品工業
45030,４５０３０,アステラス製薬
45060,４５０６０,住友ファーマ
45070,４５０７０,塩野義製薬
45160,４５１６０,日本新薬
45190,４５１９０,中外製薬
45210,４５２１０,科研製薬
45230,４５２３０,エーザイ
45260,４５２６０,理研ビタミン
45270,４５２７０,ロート製薬
45280,４５２８０,小野薬品工業
45300,４５３００,久光製薬
45340,４５３４０,持田製薬
45360,４５３６０,参天製薬
45380,４５３８０,扶桑薬品工業
45400,４５４００,ツムラ
45430,４５４３０,テルモ
45440,４５４４０,Ｈ．Ｕ．グループホールディングス
45470,４５４７０,キッセイ薬品工業
45480,４５４８０,生化学工業
45490,４５４９０,栄研化学
45510,４５５１０,鳥居薬品
45520,４５５２０,ＪＣＲファーマ
45530,４５５３０,東和薬品
45540,４５５４０,富士製薬工業
45590,４５５９０,ゼリア新薬工業
45650,４５６５０,ネクセラファーマ
45680,４５６８０,第一三共
45690,４５６９０,杏林製薬
45740,４５７４０,大幸薬品
45770,４５７７０,ダイト
45780,４５７８０,大塚ホールディングス
45870,４５８７０,ペプチドリーム
46110,４６１１０,大日本塗料
46120,４６１２０,日本ペイントホールディングス
46130,４６１３０,関西ペイント
46170,４６１７０,中国塗料
46200,４６２００,藤倉化成
46260,４６２６０,太陽ホールディングス
46310,４６３１０,ＤＩＣ
46330,４６３３０,サカタインクス
46340,４６３４０,ａｒｔｉｅｎｃｅ
46410,４６４１０,アルプス技研
46510,４６５１０,サニックス
46580,４６５８０,日本空調サービス
46610,４６６１０,オリエンタルランド
46620,４６６２０,フォーカスシステムズ
46650,４６６５０,ダスキン
46660,４６６６０,パーク２４
46680,４６６８０,明光ネットワークジャパン
46710,４６７１０,ファルコホールディングス
46740,４６７４０,クレスコ
46760,４６７６０,フジ・メディア・ホールディングス
46800,４６８００,ラウンドワン
46810,４６８１０,リゾートトラスト
46840,４６８４０,オービック
46860,４６８６０,ジャストシステム
46870,４６８７０,ＴＤＣソフト
46890,４６８９０,ＬＩＮＥヤフー
46940,４６９４０,ビー・エム・エル
47040,４７０４０,トレンドマイクロ
47090,４７０９０,ＩＤホールディングス
47140,４７１４０,リソー教育
47160,４７１６０,日本オラクル
47180,４７１８０,早稲田アカデミー
47190,４７１９０,アルファシステムズ
47220,４７２２０,フューチャー
47250,４７２５０,ＣＡＣ　Ｈｏｌｄｉｎｇｓ
47320,４７３２０,ユー・エス・エス
47330,４７３３０,オービックビジネスコンサルタント
47430,４７４３０,アイティフォー
47450,４７４５０,東京個別指導学院
47460,４７４６０,東計電算
47510,４７５１０,サイバーエージェント
47550,４７５５０,楽天グループ
47630,４７６３０,クリーク・アンド・リバー社
47650,４７６５０,ＳＢＩグローバルアセットマネジメント
47670,４７６７０,テー・オー・ダブリュー
47680,４７６８０,大塚商会
47760,４７７６０,サイボウズ
47920,４７９２０,山田コンサルティンググループ
48010,４８０１０,セントラルスポーツ
48090,４８０９０,パラカ
48120,４８１２０,電通総研
48130,４８１３０,ＡＣＣＥＳＳ
48190,４８１９０,デジタルガレージ
48200,４８２００,イーエムシステムズ
48250,４８２５０,ウェザーニューズ
48260,４８２６０,ＣＩＪ
48280,４８２８０,ビジネスエンジニアリング
48390,４８３９０,ＷＯＷＯＷ
48450,４８４５０,スカラ
48480,４８４８０,フルキャストホールディングス
48490,４８４９０,エン・ジャパン
48800,４８８００,セルソース
48860,４８８６０,あすか製薬ホールディングス
48870,４８８７０,サワイグループホールディングス
49010,４９０１０,富士フイルムホールディングス
49020,４９０２０,コニカミノルタ
49110,４９１１０,資生堂
49120,４９１２０,ライオン
49140,４９１４０,高砂香料工業
49170,４９１７０,マンダム
49190,４９１９０,ミルボン
49220,４９２２０,コーセー
49230,４９２３０,コタ
49270,４９２７０,ポーラ・オルビスホールディングス
49280,４９２８０,ノエビアホールディングス
49310,４９３１０,新日本製薬
49330,４９３３０,Ｉ−ｎｅ
49360,４９３６０,アクシージア
49510,４９５１０,エステー
49560,４９５６０,コニシ
49580,４９５８０,長谷川香料
49670,４９６７０,小林製薬
49680,４９６８０,荒川化学工業
49710,４９７１０,メック
49730,４９７３０,日本高純度化学
49740,４９７４０,タカラバイオ
49750,４９７５０,ＪＣＵ
49790,４９７９０,ＯＡＴアグリオ
49800,４９８００,デクセリアルズ
49850,４９８５０,アース製薬
49920,４９９２０,北興化学工業
49940,４９９４０,大成ラミック
49960,４９９６０,クミアイ化学工業
49970,４９９７０,日本農薬
50110,５０１１０,ニチレキグループ
50130,５０１３０,ユシロ化学工業
50170,５０１７０,富士石油
50190,５０１９０,出光興産
50200,５０２００,ＥＮＥＯＳホールディングス
50210,５０２１０,コスモエネルギーホールディングス
50320,５０３２０,ＡＮＹＣＯＬＯＲ
50740,５０７４０,テスホールディングス
50760,５０７６０,インフロニア・ホールディングス
51010,５１０１０,横浜ゴム
51050,５１０５０,ＴＯＹＯ　ＴＩＲＥ
51080,５１０８０,ブリヂストン
51100,５１１００,住友ゴム工業
51210,５１２１０,藤倉コンポジット
51220,５１２２０,オカモト
51420,５１４２０,アキレス
51850,５１８５０,フコク
51860,５１８６０,ニッタ
51910,５１９１０,住友理工
51920,５１９２０,三ツ星ベルト
51950,５１９５０,バンドー化学
52010,５２０１０,ＡＧＣ
52020,５２０２０,日本板硝子
52080,５２０８０,有沢製作所
52140,５２１４０,日本電気硝子
52180,５２１８０,オハラ
52320,５２３２０,住友大阪セメント
52330,５２３３０,太平洋セメント
52620,５２６２０,日本ヒューム
52690,５２６９０,日本コンクリート工業
52730,５２７３０,三谷セキサン
52880,５２８８０,アジアパイルホールディングス
53010,５３０１０,東海カーボン
53020,５３０２０,日本カーボン
53100,５３１００,東洋炭素
53310,５３３１０,ノリタケ
53320,５３３２０,ＴＯＴＯ
53330,５３３３０,日本碍子
53340,５３３４０,日本特殊陶業
53440,５３４４０,ＭＡＲＵＷＡ
53510,５３５１０,品川リフラクトリーズ
53520,５３５２０,黒崎播磨
53570,５３５７０,ヨータイ
53840,５３８４０,フジミインコーポレーテッド
53930,５３９３０,ニチアス
54010,５４０１０,日本製鉄
54060,５４０６０,神戸製鋼所
54080,５４０８０,中山製鋼所
54100,５４１００,合同製鐵
54110,５４１１０,ＪＦＥホールディングス
54230,５４２３０,東京製鐵
54400,５４４００,共英製鋼
54440,５４４４０,大和工業
54450,５４４５０,東京鐵鋼
54490,５４４９０,大阪製鐵
54510,５４５１０,淀川製鋼所
54610,５４６１０,中部鋼鈑
54630,５４６３０,丸一鋼管
54640,５４６４０,モリ工業
54710,５４７１０,大同特殊鋼
54800,５４８００,日本冶金工業
54810,５４８１０,山陽特殊製鋼
54820,５４８２０,愛知製鋼
55410,５５４１０,大平洋金属
55630,５５６３０,新日本電工
56020,５６０２０,栗本鐵工所
56310,５６３１０,日本製鋼所
56320,５６３２０,三菱製鋼
56590,５６５９０,日本精線
56980,５６９８０,エンビプロ・ホールディングス
57020,５７０２０,大紀アルミニウム工業所
57030,５７０３０,日本軽金属ホールディングス
57060,５７０６０,三井金属鉱業
57070,５７０７０,東邦亜鉛
57110,５７１１０,三菱マテリアル
57130,５７１３０,住友金属鉱山
57140,５７１４０,ＤＯＷＡホールディングス
57150,５７１５０,古河機械金属
57260,５７２６０,大阪チタニウムテクノロジーズ
57270,５７２７０,東邦チタニウム
57410,５７４１０,ＵＡＣＪ
57570,５７５７０,ＣＫサンエツ
58010,５８０１０,古河電気工業
58020,５８０２０,住友電気工業
58030,５８０３０,フジクラ
58050,５８０５０,ＳＷＣＣ
58210,５８２１０,平河ヒューテック
58300,５８３００,いよぎんホールディングス
58310,５８３１０,しずおかフィナンシャルグループ
58320,５８３２０,ちゅうぎんフィナンシャルグループ
58380,５８３８０,楽天銀行
58440,５８４４０,京都フィナンシャルグループ
58510,５８５１０,リョービ
58570,５８５７０,ＡＲＥホールディングス
59010,５９０１０,東洋製罐グループホールディングス
59020,５９０２０,ホッカンホールディングス
59090,５９０９０,コロナ
59110,５９１１０,横河ブリッジホールディングス
59290,５９２９０,三和ホールディングス
59300,５９３００,文化シヤッター
59320,５９３２０,三協立山
59330,５９３３０,アルインコ
59380,５９３８０,ＬＩＸＩＬ
59430,５９４３０,ノーリツ
59460,５９４６０,長府製作所
59470,５９４７０,リンナイ
59490,５９４９０,ユニプレス
59570,５９５７０,日東精工
59590,５９５９０,岡部
59700,５９７００,ジーテクト
59750,５９７５０,東プレ
59760,５９７６０,高周波熱錬
59810,５９８１０,東京製綱
59850,５９８５０,サンコール
59880,５９８８０,パイオラックス
59890,５９８９０,エイチワン
59910,５９９１０,日本発條
59920,５９９２０,中央発條
60050,６００５０,三浦工業
60130,６０１３０,タクマ
60280,６０２８０,テクノプロ・ホールディングス
60350,６０３５０,アイ・アールジャパンホールディングス
60360,６０３６０,ＫｅｅＰｅｒ技研
60470,６０４７０,Ｇｕｎｏｓｙ
60500,６０５００,イー・ガーディアン
60550,６０５５０,ジャパンマテリアル
60580,６０５８０,ベクトル
60620,６０６２０,チャーム・ケア・コーポレーション
60700,６０７００,キャリアリンク
60710,６０７１０,ＩＢＪ
60730,６０７３０,アサンテ
60780,６０７８０,バリューＨＲ
60800,６０８００,Ｍ＆Ａキャピタルパートナーズ
60820,６０８２０,ライドオンエクスプレスホールディングス
60880,６０８８０,シグマクシス・ホールディングス
60890,６０８９０,ウィルグループ
60950,６０９５０,メドピア
60980,６０９８０,リクルートホールディングス
60990,６０９９０,エラン
61010,６１０１０,ツガミ
61030,６１０３０,オークマ
61040,６１０４０,芝浦機械
61130,６１１３０,アマダ
61180,６１１８０,アイダエンジニアリング
61340,６１３４０,ＦＵＪＩ
61350,６１３５０,牧野フライス製作所
61360,６１３６０,オーエスジー
61400,６１４００,旭ダイヤモンド工業
61410,６１４１０,ＤＭＧ森精機
61430,６１４３０,ソディック
61460,６１４６０,ディスコ
61510,６１５１０,日東工器
61570,６１５７０,日進工具
61670,６１６７０,冨士ダイス
61780,６１７８０,日本郵政
61830,６１８３０,ベルシステム２４ホールディングス
61840,６１８４０,鎌倉新書
61910,６１９１０,エアトリ
61940,６１９４０,アトラエ
61960,６１９６０,ストライク
61970,６１９７０,ソラスト
61990,６１９９０,セラク
62000,６２０００,インソース
62010,６２０１０,豊田自動織機
62090,６２０９０,リケンＮＰＲ
62220,６２２２０,島精機製作所
62350,６２３５０,オプトラン
62370,６２３７０,イワキ
62380,６２３８０,フリュー
62400,６２４００,ヤマシンフィルタ
62470,６２４７０,日阪製作所
62500,６２５００,やまびこ
62540,６２５４０,野村マイクロ・サイエンス
62580,６２５８０,平田機工
62620,６２６２０,ＰＥＧＡＳＵＳ
62640,６２６４０,マルマエ
62660,６２６６０,タツモ
62680,６２６８０,ナブテスコ
62690,６２６９０,三井海洋開発
62720,６２７２０,レオン自動機
62730,６２７３０,ＳＭＣ
62770,６２７７０,ホソカワミクロン
62780,６２７８０,ユニオンツール
62790,６２７９０,瑞光
62820,６２８２０,オイレス工業
62840,６２８４０,日精エー・エス・ビー機械
62870,６２８７０,サトーホールディングス
62890,６２８９０,技研製作所
62910,６２９１０,日本エアーテック
62930,６２９３０,日精樹脂工業
62980,６２９８０,ワイエイシイホールディングス
63010,６３０１０,小松製作所
63020,６３０２０,住友重機械工業
63050,６３０５０,日立建機
63060,６３０６０,日工
63090,６３０９０,巴工業
63100,６３１００,井関農機
63150,６３１５０,ＴＯＷＡ
63170,６３１７０,北川鉄工所
63230,６３２３０,ローツェ
63260,６３２６０,クボタ
63280,６３２８０,荏原実業
63300,６３３００,東洋エンジニアリング
63310,６３３１０,三菱化工機
63320,６３３２０,月島ホールディングス
63330,６３３３０,帝国電機製作所
63390,６３３９０,新東工業
63400,６３４００,澁谷工業
63450,６３４５０,アイチ　コーポレーション
63490,６３４９０,小森コーポレーション
63510,６３５１０,鶴見製作所
63580,６３５８０,酒井重工業
63610,６３６１０,荏原製作所
63630,６３６３０,酉島製作所
63640,６３６４０,北越工業
63670,６３６７０,ダイキン工業
63680,６３６８０,オルガノ
63690,６３６９０,トーヨーカネツ
63700,６３７００,栗田工業
63710,６３７１０,椿本チエイン
63760,６３７６０,日機装
63780,６３７８０,木村化工機
63790,６３７９０,レイズネクスト
63810,６３８１０,アネスト岩田
63830,６３８３０,ダイフク
63870,６３８７０,サムコ
63950,６３９５０,タダノ
64060,６４０６０,フジテック
64070,６４０７０,ＣＫＤ
64120,６４１２０,平和
64130,６４１３０,理想科学工業
64170,６４１７０,ＳＡＮＫＹＯ
64180,６４１８０,日本金銭機械
64190,６４１９０,マースグループホールディングス
64200,６４２００,フクシマガリレイ
64300,６４３００,ダイコク電機
64320,６４３２０,竹内製作所
64360,６４３６０,アマノ
64400,６４４００,ＪＵＫＩ
64450,６４４５０,ジャノメ
64480,６４４８０,ブラザー工業
64540,６４５４０,マックス
64550,６４５５０,モリタホールディングス
64570,６４５７０,グローリー
64580,６４５８０,新晃工業
64590,６４５９０,大和冷機工業
64600,６４６００,セガサミーホールディングス
64630,６４６３０,ＴＰＲ
64640,６４６４０,ツバキ・ナカシマ
64650,６４６５０,ホシザキ
64700,６４７００,大豊工業
64710,６４７１０,日本精工
64720,６４７２０,ＮＴＮ
64730,６４７３０,ジェイテクト
64740,６４７４０,不二越
64790,６４７９０,ミネベアミツミ
64800,６４８００,日本トムソン
64810,６４８１０,ＴＨＫ
64820,６４８２０,ユーシン精機
64850,６４８５０,前澤給装工業
64860,６４８６０,イーグル工業
64900,６４９００,ＰＩＬＬＡＲ
64980,６４９８０,キッツ
65010,６５０１０,日立製作所
65030,６５０３０,三菱電機
65040,６５０４０,富士電機
65060,６５０６０,安川電機
65070,６５０７０,シンフォニアテクノロジー
65080,６５０８０,明電舎
65160,６５１６０,山洋電気
65170,６５１７０,デンヨー
65230,６５２３０,ＰＨＣホールディングス
65250,６５２５０,ＫＯＫＵＳＡＩ　ＥＬＥＣＴＲＩＣ
65260,６５２６０,ソシオネクスト
65320,６５３２０,ベイカレント
65330,６５３３０,Ｏｒｃｈｅｓｔｒａ　Ｈｏｌｄｉｎｇｓ
65350,６５３５０,アイモバイル
65390,６５３９０,ＭＳ−Ｊａｐａｎ
65440,６５４４０,ジャパンエレベーターサービスホールディングス
65600,６５６００,エル・ティー・エス
65640,６５６４０,ミダックホールディングス
65710,６５７１０,キュービーネットホールディングス
65720,６５７２０,オープングループ
65840,６５８４０,三櫻工業
65860,６５８６０,マキタ
65880,６５８８０,東芝テック
65900,６５９００,芝浦メカトロニクス
65920,６５９２０,マブチモーター
65940,６５９４０,ニデック
66150,６６１５０,ユー・エム・シー・エレクトロニクス
66160,６６１６０,トレックス・セミコンダクター
66170,６６１７０,東光高岳
66190,６６１９０,ダブル・スコープ
66200,６６２００,宮越ホールディングス
66220,６６２２０,ダイヘン
66300,６６３００,ヤーマン
66320,６６３２０,ＪＶＣケンウッド
66380,６６３８０,ミマキエンジニアリング
66440,６６４４０,大崎電気工業
66450,６６４５０,オムロン
66510,６６５１０,日東工業
66520,６６５２０,ＩＤＥＣ
66740,６６７４０,ジーエス・ユアサ　コーポレーション
66760,６６７６０,メルコホールディングス
66780,６６７８０,テクノメディカ
66990,６６９９０,ダイヤモンドエレクトリックホールディングス
67010,６７０１０,日本電気
67020,６７０２０,富士通
67030,６７０３０,沖電気工業
67060,６７０６０,電気興業
67070,６７０７０,サンケン電気
67180,６７１８０,アイホン
67230,６７２３０,ルネサスエレクトロニクス
67240,６７２４０,セイコーエプソン
67270,６７２７０,ワコム
67280,６７２８０,アルバック
67300,６７３００,アクセル
67370,６７３７０,ＥＩＺＯ
67400,６７４００,ジャパンディスプレイ
67410,６７４１０,日本信号
67420,６７４２０,京三製作所
67440,６７４４０,能美防災
67450,６７４５０,ホーチキ
67500,６７５００,エレコム
67520,６７５２０,パナソニック　ホールディングス
67530,６７５３０,シャープ
67540,６７５４０,アンリツ
67550,６７５５０,富士通ゼネラル
67580,６７５８０,ソニーグループ
67620,６７６２０,ＴＤＫ
67630,６７６３０,帝国通信工業
67680,６７６８０,タムラ製作所
67700,６７７００,アルプスアルパイン
67790,６７７９０,日本電波工業
67850,６７８５０,鈴木
67870,６７８７０,メイコー
67880,６７８８０,日本トリム
67940,６７９４０,フォスター電機
67980,６７９８０,ＳＭＫ
68000,６８０００,ヨコオ
68040,６８０４０,ホシデン
68060,６８０６０,ヒロセ電機
68070,６８０７０,日本航空電子工業
68090,６８０９０,ＴＯＡ
68100,６８１００,マクセル
68140,６８１４０,古野電気
68170,６８１７０,スミダコーポレーション
68200,６８２００,アイコム
68230,６８２３０,リオン
68410,６８４１０,横河電機
68440,６８４４０,新電元工業
68450,６８４５０,アズビル
68490,６８４９０,日本光電工業
68500,６８５００,チノー
68550,６８５５０,日本電子材料
68560,６８５６０,堀場製作所
68570,６８５７０,アドバンテスト
68590,６８５９０,エスペック
68610,６８６１０,キーエンス
68660,６８６６０,日置電機
68690,６８６９０,シスメックス
68710,６８７１０,日本マイクロニクス
68750,６８７５０,メガチップス
68770,６８７７０,ＯＢＡＲＡ　ＧＲＯＵＰ
68790,６８７９０,ＩＭＡＧＩＣＡ　ＧＲＯＵＰ
69020,６９０２０,デンソー
69050,６９０５０,コーセル
69080,６９０８０,イリソ電子工業
69140,６９１４０,オプテックスグループ
69150,６９１５０,千代田インテグレ
69200,６９２００,レーザーテック
69230,６９２３０,スタンレー電気
69250,６９２５０,ウシオ電機
69290,６９２９０,日本セラミック
69370,６９３７０,古河電池
69410,６９４１０,山一電機
69470,６９４７０,図研
69510,６９５１０,日本電子
69520,６９５２０,カシオ計算機
69540,６９５４０,ファナック
69580,６９５８０,日本シイエムケイ
69610,６９６１０,エンプラス
69620,６９６２０,大真空
69630,６９６３０,ローム
69650,６９６５０,浜松ホトニクス
69660,６９６６０,三井ハイテック
69670,６９６７０,新光電気工業
69710,６９７１０,京セラ
69760,６９７６０,太陽誘電
69810,６９８１０,村田製作所
69860,６９８６０,双葉電子工業
69880,６９８８０,日東電工
69950,６９９５０,東海理化電機製作所
69960,６９９６０,ニチコン
69970,６９９７０,日本ケミコン
69990,６９９９０,ＫＯＡ
70030,７００３０,三井Ｅ＆Ｓ
70040,７００４０,カナデビア
70110,７０１１０,三菱重工業
70120,７０１２０,川崎重工業
70130,７０１３０,ＩＨＩ
70140,７０１４０,名村造船所
70330,７０３３０,マネジメントソリューションズ
70340,７０３４０,プロレド・パートナーズ
70380,７０３８０,フロンティア・マネジメント
70710,７０７１０,アンビスホールディングス
70850,７０８５０,カーブスホールディングス
70880,７０８８０,フォーラムエンジニアリング
70920,７０９２０,Ｆａｓｔ　Ｆｉｔｎｅｓｓ　Ｊａｐａｎ
70950,７０９５０,Ｍａｃｂｅｅ　Ｐｌａｎｅｔ
71020,７１０２０,日本車輌製造
71050,７１０５０,三菱ロジスネクスト
71280,７１２８０,フルサト・マルカホールディングス
71300,７１３００,ヤマエグループホールディングス
71480,７１４８０,ＦＰＧ
71640,７１６４０,全国保証
71670,７１６７０,めぶきフィナンシャルグループ
71720,７１７２０,ジャパンインベストメントアドバイザー
71730,７１７３０,東京きらぼしフィナンシャルグループ
71800,７１８００,九州フィナンシャルグループ
71810,７１８１０,かんぽ生命保険
71820,７１８２０,ゆうちょ銀行
71840,７１８４０,富山第一銀行
71860,７１８６０,コンコルディア・フィナンシャルグループ
71870,７１８７０,ジェイリース
71890,７１８９０,西日本フィナンシャルホールディングス
71980,７１９８０,ＳＢＩアルヒ
71990,７１９９０,プレミアグループ
72010,７２０１０,日産自動車
72020,７２０２０,いすゞ自動車
72030,７２０３０,トヨタ自動車
72050,７２０５０,日野自動車
72110,７２１１０,三菱自動車工業
72200,７２２００,武蔵精密工業
72220,７２２２０,日産車体
72240,７２２４０,新明和工業
72260,７２２６０,極東開発工業
72310,７２３１０,トピー工業
72360,７２３６０,ティラド
72380,７２３８０,曙ブレーキ工業
72390,７２３９０,タチエス
72400,７２４００,ＮＯＫ
72410,７２４１０,フタバ産業
72420,７２４２０,カヤバ
72440,７２４４０,市光工業
72450,７２４５０,大同メタル工業
72460,７２４６０,プレス工業
72500,７２５００,太平洋工業
72590,７２５９０,アイシン
72610,７２６１０,マツダ
72670,７２６７０,本田技研工業
72690,７２６９０,スズキ
72700,７２７００,ＳＵＢＡＲＵ
72720,７２７２０,ヤマハ発動機
72760,７２７６０,小糸製作所
72780,７２７８０,エクセディ
72800,７２８００,ミツバ
72820,７２８２０,豊田合成
72830,７２８３０,愛三工業
72940,７２９４０,ヨロズ
72960,７２９６０,エフ・シー・シー
73090,７３０９０,シマノ
73130,７３１３０,テイ・エス　テック
73220,７３２２０,三十三フィナンシャルグループ
73270,７３２７０,第四北越フィナンシャルグループ
73370,７３３７０,ひろぎんホールディングス
73500,７３５００,おきなわフィナンシャルグループ
73540,７３５４０,ダイレクトマーケティングミックス
73580,７３５８０,ポピンズ
73660,７３６６０,ＬＩＴＡＬＩＣＯ
73800,７３８００,十六フィナンシャルグループ
73810,７３８１０,北國フィナンシャルホールディングス
73830,７３８３０,ネットプロテクションズホールディングス
73840,７３８４０,プロクレアホールディングス
73880,７３８８０,ＦＰパートナー
73890,７３８９０,あいちフィナンシャルグループ
74080,７４０８０,ジャムコ
74140,７４１４０,小野建
74190,７４１９０,ノジマ
74200,７４２００,佐鳥電機
74210,７４２１０,カッパ・クリエイト
74330,７４３３０,伯東
74380,７４３８０,コンドーテック
74470,７４４７０,ナガイレーベン
74510,７４５１０,三菱食品
74530,７４５３０,良品計画
74560,７４５６０,松田産業
74580,７４５８０,第一興商
74590,７４５９０,メディパルホールディングス
74630,７４６３０,アドヴァングループ
74660,７４６６０,ＳＰＫ
74670,７４６７０,萩原電気ホールディングス
74750,７４７５０,アルビス
74760,７４７６０,アズワン
74800,７４８００,スズデン
74820,７４８２０,シモジマ
74830,７４８３０,ドウシシャ
75040,７５０４０,高速
75080,７５０８０,Ｇ‐７ホールディングス
75100,７５１００,たけびし
75120,７５１２０,イオン北海道
75130,７５１３０,コジマ
75160,７５１６０,コーナン商事
75180,７５１８０,ネットワンシステムズ
75200,７５２００,エコス
75220,７５２２０,ワタミ
75250,７５２５０,リックス
75270,７５２７０,システムソフト
75320,７５３２０,パン・パシフィック・インターナショナルホールディングス
75370,７５３７０,丸文
75450,７５４５０,西松屋チェーン
75500,７５５００,ゼンショーホールディングス
75520,７５５２０,ハピネット
75540,７５５４０,幸楽苑
75700,７５７００,橋本総業ホールディングス
75750,７５７５０,日本ライフライン
75810,７５８１０,サイゼリヤ
75900,７５９００,タカショー
75930,７５９３０,ＶＴホールディングス
75950,７５９５０,アルゴグラフィックス
75960,７５９６０,魚力
75990,７５９９０,ＩＤＯＭ
76000,７６０００,日本エム・ディ・エム
76050,７６０５０,フジ・コーポレーション
76060,７６０６０,ユナイテッドアローズ
76070,７６０７０,進和
76090,７６０９０,ダイトロン
76110,７６１１０,ハイデイ日高
76130,７６１３０,シークス
76160,７６１６０,コロワイド
76280,７６２８０,オーハシテクニカ
76300,７６３００,壱番屋
76370,７６３７０,白銅
76490,７６４９０,スギホールディングス
76790,７６７９０,薬王堂ホールディングス
76830,７６８３０,ダブルエー
77010,７７０１０,島津製作所
77020,７７０２０,ＪＭＳ
77150,７７１５０,長野計器
77170,７７１７０,ブイ・テクノロジー
77180,７７１８０,スター精密
77210,７７２１０,東京計器
77230,７７２３０,愛知時計電機
77250,７７２５０,インターアクション
77290,７７２９０,東京精密
77300,７７３００,マニー
77310,７７３１０,ニコン
77320,７７３２０,トプコン
77330,７７３３０,オリンパス
77340,７７３４０,理研計器
77350,７７３５０,ＳＣＲＥＥＮホールディングス
77390,７７３９０,キヤノン電子
77400,７７４００,タムロン
77410,７７４１０,ＨＯＹＡ
77440,７７４４０,ノーリツ鋼機
77450,７７４５０,Ａ＆Ｄホロンホールディングス
77470,７７４７０,朝日インテック
77510,７７５１０,キヤノン
77520,７７５２０,リコー
77620,７７６２０,シチズン時計
77800,７７８００,メニコン
78170,７８１７０,パラマウントベッドホールディングス
78180,７８１８０,トランザクション
78200,７８２００,ニホンフラッシュ
78210,７８２１０,前田工繊
78230,７８２３０,アートネイチャー
78260,７８２６０,フルヤ金属
78320,７８３２０,バンダイナムコホールディングス
78390,７８３９０,ＳＨＯＥＩ
78400,７８４００,フランスベッドホールディングス
78440,７８４４０,マーベラス
78460,７８４６０,パイロットコーポレーション
78560,７８５６０,萩原工業
78600,７８６００,エイベックス
78640,７８６４０,フジシールインターナショナル
78670,７８６７０,タカラトミー
78680,７８６８０,広済堂ホールディングス
78740,７８７４０,レック
78880,７８８８０,三光合成
78930,７８９３０,プロネクサス
79110,７９１１０,ＴＯＰＰＡＮホールディングス
79120,７９１２０,大日本印刷
79140,７９１４０,共同印刷
79150,７９１５０,ＮＩＳＳＨＡ
79170,７９１７０,ＺＡＣＲＯＳ
79210,７９２１０,ＴＡＫＡＲＡ　＆　ＣＯＭＰＡＮＹ
79250,７９２５０,前澤化成工業
79310,７９３１０,未来工業
79360,７９３６０,アシックス
79370,７９３７０,ツツミ
79420,７９４２０,ＪＳＰ
79430,７９４３０,ニチハ
79440,７９４４０,ローランド
79470,７９４７０,エフピコ
79490,７９４９０,小松ウオール工業
79510,７９５１０,ヤマハ
79520,７９５２０,河合楽器製作所
79550,７９５５０,クリナップ
79560,７９５６０,ピジョン
79580,７９５８０,天馬
79620,７９６２０,キングジム
79650,７９６５０,象印マホービン
79660,７９６６０,リンテック
79700,７９７００,信越ポリマー
79720,７９７２０,イトーキ
79740,７９７４０,任天堂
79760,７９７６０,三菱鉛筆
79790,７９７９０,松風
79810,７９８１０,タカラスタンダード
79840,７９８４０,コクヨ
79870,７９８７０,ナカバヤシ
79880,７９８８０,ニフコ
79890,７９８９０,立川ブラインド工業
79900,７９９００,グローブライド
79940,７９９４０,オカムラ
79950,７９９５０,バルカー
80010,８００１０,伊藤忠商事
80020,８００２０,丸紅
80050,８００５０,スクロール
80080,８００８０,ヨンドシーホールディングス
80110,８０１１０,三陽商会
80120,８０１２０,長瀬産業
80140,８０１４０,蝶理
80150,８０１５０,豊田通商
80160,８０１６０,オンワードホールディングス
80180,８０１８０,三共生興
80200,８０２００,兼松
80220,８０２２０,美津濃
80290,８０２９０,ルックホールディングス
80310,８０３１０,三井物産
80320,８０３２０,日本紙パルプ商事
80350,８０３５０,東京エレクトロン
80370,８０３７０,カメイ
80430,８０４３０,スターゼン
80500,８０５００,セイコーグループ
80510,８０５１０,山善
80520,８０５２０,椿本興業
80530,８０５３０,住友商事
80560,８０５６０,ＢＩＰＲＯＧＹ
80570,８０５７０,内田洋行
80580,８０５８０,三菱商事
80590,８０５９０,第一実業
80600,８０６００,キヤノンマーケティングジャパン
80610,８０６１０,西華産業
80650,８０６５０,佐藤商事
80700,８０７００,東京産業
80740,８０７４０,ユアサ商事
80750,８０７５０,神鋼商事
80780,８０７８０,阪和興業
80790,８０７９０,正栄食品工業
80810,８０８１０,カナデン
80840,８０８４０,ＲＹＯＤＥＮ
80860,８０８６０,ニプロ
80880,８０８８０,岩谷産業
80930,８０９３０,極東貿易
80950,８０９５０,アステナホールディングス
80970,８０９７０,三愛オブリ
80980,８０９８０,稲畑産業
81010,８１０１０,ＧＳＩクレオス
81030,８１０３０,明和産業
81110,８１１１０,ゴールドウイン
81130,８１１３０,ユニ・チャーム
81250,８１２５０,ワキタ
81290,８１２９０,東邦ホールディングス
81300,８１３００,サンゲツ
81310,８１３１０,ミツウロコグループホールディングス
81320,８１３２０,シナネンホールディングス
81330,８１３３０,伊藤忠エネクス
81360,８１３６０,サンリオ
81370,８１３７０,サンワテクノス
81410,８１４１０,新光商事
81420,８１４２０,トーホー
81500,８１５００,三信電気
81510,８１５１０,東陽テクニカ
81530,８１５３０,モスフードサービス
81540,８１５４０,加賀電子
81570,８１５７０,都築電気
81580,８１５８０,ソーダニッカ
81590,８１５９０,立花エレテック
81600,８１６００,木曽路
81630,８１６３０,ＳＲＳホールディングス
81650,８１６５０,千趣会
81670,８１６７０,リテールパートナーズ
81730,８１７３０,上新電機
81740,８１７４０,日本瓦斯
81790,８１７９０,ロイヤルホールディングス
81850,８１８５０,チヨダ
81940,８１９４０,ライフコーポレーション
82000,８２０００,リンガーハット
82030,８２０３０,ＭｒＭａｘＨＤ
82140,８２１４０,ＡＯＫＩホールディングス
82170,８２１７０,オークワ
82180,８２１８０,コメリ
82190,８２１９０,青山商事
82270,８２２７０,しまむら
82330,８２３３０,高島屋
82370,８２３７０,松屋
82420,８２４２０,エイチ・ツー・オー　リテイリング
82440,８２４４０,近鉄百貨店
82520,８２５２０,丸井グループ
82530,８２５３０,クレディセゾン
82550,８２５５０,アクシアル　リテイリング
82670,８２６７０,イオン
82730,８２７３０,イズミ
82750,８２７５０,フォーバル
82760,８２７６０,平和堂
82780,８２７８０,フジ
82790,８２７９０,ヤオコー
82810,８２８１０,ゼビオホールディングス
82820,８２８２０,ケーズホールディングス
82830,８２８３０,ＰＡＬＴＡＣ
82850,８２８５０,三谷産業
83040,８３０４０,あおぞら銀行
83060,８３０６０,三菱ＵＦＪフィナンシャル・グループ
83080,８３０８０,りそなホールディングス
83090,８３０９０,三井住友トラストグループ
83160,８３１６０,三井住友フィナンシャルグループ
83310,８３３１０,千葉銀行
83340,８３３４０,群馬銀行
83360,８３３６０,武蔵野銀行
83370,８３３７０,千葉興業銀行
83380,８３３８０,筑波銀行
83410,８３４１０,七十七銀行
83430,８３４３０,秋田銀行
83440,８３４４０,山形銀行
83450,８３４５０,岩手銀行
83460,８３４６０,東邦銀行
83540,８３５４０,ふくおかフィナンシャルグループ
83580,８３５８０,スルガ銀行
83590,８３５９０,八十二銀行
83600,８３６００,山梨中央銀行
83610,８３６１０,大垣共立銀行
83620,８３６２０,福井銀行
83640,８３６４０,清水銀行
83660,８３６６０,滋賀銀行
83670,８３６７０,南都銀行
83680,８３６８０,百五銀行
83700,８３７００,紀陽銀行
83770,８３７７０,ほくほくフィナンシャルグループ
83810,８３８１０,山陰合同銀行
83860,８３８６０,百十四銀行
83870,８３８７０,四国銀行
83880,８３８８０,阿波銀行
83920,８３９２０,大分銀行
83930,８３９３０,宮崎銀行
83950,８３９５０,佐賀銀行
83990,８３９９０,琉球銀行
84100,８４１００,セブン銀行
84110,８４１１０,みずほフィナンシャルグループ
84180,８４１８０,山口フィナンシャルグループ
84240,８４２４０,芙蓉総合リース
84250,８４２５０,みずほリース
84390,８４３９０,東京センチュリー
84730,８４７３０,ＳＢＩホールディングス
85110,８５１１０,日本証券金融
85150,８５１５０,アイフル
85220,８５２２０,名古屋銀行
85240,８５２４０,北洋銀行
85410,８５４１０,愛媛銀行
85440,８５４４０,京葉銀行
85500,８５５００,栃木銀行
85510,８５５１０,北日本銀行
85580,８５５８０,東和銀行
85660,８５６６０,リコーリース
85700,８５７００,イオンフィナンシャルサービス
85720,８５７２０,アコム
85840,８５８４０,ジャックス
85850,８５８５０,オリエントコーポレーション
85910,８５９１０,オリックス
85930,８５９３０,三菱ＨＣキャピタル
85950,８５９５０,ジャフコ　グループ
86000,８６０００,トモニホールディングス
86010,８６０１０,大和証券グループ本社
86040,８６０４０,野村ホールディングス
86090,８６０９０,岡三証券グループ
86130,８６１３０,丸三証券
86140,８６１４０,東洋証券
86160,８６１６０,東海東京フィナンシャル・ホールディングス
86220,８６２２０,水戸証券
86240,８６２４０,いちよし証券
86280,８６２８０,松井証券
86300,８６３００,ＳＯＭＰＯホールディングス
86970,８６９７０,日本取引所グループ
86980,８６９８０,マネックスグループ
87060,８７０６０,極東証券
87070,８７０７０,岩井コスモホールディングス
87080,８７０８０,アイザワ証券グループ
87130,８７１３０,フィデアホールディングス
87140,８７１４０,池田泉州ホールディングス
87150,８７１５０,アニコム　ホールディングス
87250,８７２５０,ＭＳ＆ＡＤインシュアランスグループホールディングス
87390,８７３９０,スパークス・グループ
87500,８７５００,第一生命ホールディングス
87660,８７６６０,東京海上ホールディングス
87710,８７７１０,イー・ギャランティ
87930,８７９３０,ＮＥＣキャピタルソリューション
87950,８７９５０,Ｔ＆Ｄホールディングス
87980,８７９８０,アドバンスクリエイト
88010,８８０１０,三井不動産
88020,８８０２０,三菱地所
88030,８８０３０,平和不動産
88040,８８０４０,東京建物
88180,８８１８０,京阪神ビルディング
88300,８８３００,住友不動産
88410,８８４１０,テーオーシー
88480,８８４８０,レオパレス２１
88500,８８５００,スターツコーポレーション
88600,８８６００,フジ住宅
88640,８８６４０,空港施設
88690,８８６９０,明和地所
88710,８８７１０,ゴールドクレスト
88760,８８７６０,リログループ
88770,８８７７０,エスリード
88810,８８８１０,日神グループホールディングス
88920,８８９２０,日本エスコン
88970,８８９７０,ＭＩＲＡＲＴＨホールディングス
89050,８９０５０,イオンモール
89180,８９１８０,ランド
89190,８９１９０,カチタス
89200,８９２００,東祥
89230,８９２３０,トーセイ
89340,８９３４０,サンフロンティア不動産
89350,８９３５０,ＦＪネクストホールディングス
89990,８９９９０,グランディハウス
90010,９００１０,東武鉄道
90030,９００３０,相鉄ホールディングス
90050,９００５０,東急
90060,９００６０,京浜急行電鉄
90070,９００７０,小田急電鉄
90080,９００８０,京王電鉄
90090,９００９０,京成電鉄
90100,９０１００,富士急行
90200,９０２００,東日本旅客鉄道
90210,９０２１０,西日本旅客鉄道
90220,９０２２０,東海旅客鉄道
90230,９０２３０,東京地下鉄
90240,９０２４０,西武ホールディングス
90250,９０２５０,鴻池運輸
90310,９０３１０,西日本鉄道
90370,９０３７０,ハマキョウレックス
90390,９０３９０,サカイ引越センター
90410,９０４１０,近鉄グループホールディングス
90420,９０４２０,阪急阪神ホールディングス
90440,９０４４０,南海電気鉄道
90450,９０４５０,京阪ホールディングス
90460,９０４６０,神戸電鉄
90480,９０４８０,名古屋鉄道
90520,９０５２０,山陽電気鉄道
90640,９０６４０,ヤマトホールディングス
90650,９０６５０,山九
90660,９０６６０,日新
90680,９０６８０,丸全昭和運輸
90690,９０６９０,センコーグループホールディングス
90700,９０７００,トナミホールディングス
90720,９０７２０,ニッコンホールディングス
90750,９０７５０,福山通運
90760,９０７６０,セイノーホールディングス
90810,９０８１０,神奈川中央交通
90900,９０９００,ＡＺ−ＣＯＭ丸和ホールディングス
91010,９１０１０,日本郵船
91040,９１０４０,商船三井
91070,９１０７０,川崎汽船
91100,９１１００,ＮＳユナイテッド海運
91190,９１１９０,飯野海運
91420,９１４２０,九州旅客鉄道
91430,９１４３０,ＳＧホールディングス
91470,９１４７０,ＮＩＰＰＯＮ　ＥＸＰＲＥＳＳホールディングス
91610,９１６１０,ＩＤ＆Ｅホールディングス
92010,９２０１０,日本航空
92020,９２０２０,ＡＮＡホールディングス
92160,９２１６０,ビーウィズ
92290,９２２９０,サンウェルズ
92470,９２４７０,ＴＲＥホールディングス
92480,９２４８０,人・夢・技術グループ
92600,９２６００,西本Ｗｉｓｍｅｔｔａｃホールディングス
92620,９２６２０,シルバーライフ
92670,９２６７０,Ｇｅｎｋｙ　ＤｒｕｇＳｔｏｒｅｓ
92730,９２７３０,コーア商事ホールディングス
92740,９２７４０,ＫＰＰグループホールディングス
92780,９２７８０,ブックオフグループホールディングス
92790,９２７９０,ギフトホールディングス
93010,９３０１０,三菱倉庫
93020,９３０２０,三井倉庫ホールディングス
93030,９３０３０,住友倉庫
93040,９３０４０,澁澤倉庫
93050,９３０５０,ヤマタネ
93080,９３０８０,乾汽船
93100,９３１００,日本トランスシティ
93190,９３１９０,中央倉庫
93240,９３２４０,安田倉庫
93320,９３３２０,ＮＩＳＳＯホールディングス
93360,９３３６０,大栄環境
93410,９３４１０,ＧＥＮＯＶＡ
93470,９３４７０,日本管財ホールディングス
93640,９３６４０,上組
93690,９３６９０,キユーソー流通システム
93810,９３８１０,エーアイテイー
93840,９３８４０,内外トランスライン
93860,９３８６０,日本コンセプト
94010,９４０１０,ＴＢＳホールディングス
94040,９４０４０,日本テレビホールディングス
94050,９４０５０,朝日放送グループホールディングス
94090,９４０９０,テレビ朝日ホールディングス
94120,９４１２０,スカパーＪＳＡＴホールディングス
94130,９４１３０,テレビ東京ホールディングス
94160,９４１６０,ビジョン
94180,９４１８０,Ｕ−ＮＥＸＴ　ＨＯＬＤＩＮＧＳ
94240,９４２４０,日本通信
94320,９４３２０,日本電信電話
94330,９４３３０,ＫＤＤＩ
94340,９４３４０,ソフトバンク
94350,９４３５０,光通信
94380,９４３８０,エムティーアイ
94490,９４４９０,ＧＭＯインターネットグループ
94500,９４５００,ファイバーゲート
94680,９４６８０,ＫＡＤＯＫＡＷＡ
94700,９４７００,学研ホールディングス
94740,９４７４０,ゼンリン
95010,９５０１０,東京電力ホールディングス
95020,９５０２０,中部電力
95030,９５０３０,関西電力
95040,９５０４０,中国電力
95050,９５０５０,北陸電力
95060,９５０６０,東北電力
95070,９５０７０,四国電力
95080,９５０８０,九州電力
95090,９５０９０,北海道電力
95110,９５１１０,沖縄電力
95130,９５１３０,電源開発
95140,９５１４０,エフオン
95170,９５１７０,イーレックス
95190,９５１９０,レノバ
95310,９５３１０,東京瓦斯
95320,９５３２０,大阪瓦斯
95330,９５３３０,東邦瓦斯
95340,９５３４０,北海道瓦斯
95350,９５３５０,広島ガス
95360,９５３６０,西部ガスホールディングス
95430,９５４３０,静岡ガス
95510,９５５１０,メタウォーター
95520,９５５２０,Ｍ＆Ａ総研ホールディングス
96000,９６０００,アイネット
96010,９６０１０,松竹
96020,９６０２０,東宝
96030,９６０３０,エイチ・アイ・エス
96050,９６０５０,東映
96120,９６１２０,ラックランド
96130,９６１３０,ＮＴＴデータグループ
96160,９６１６０,共立メンテナンス
96190,９６１９０,イチネンホールディングス
96210,９６２１０,建設技術研究所
96220,９６２２０,スペース
96270,９６２７０,アインホールディングス
96280,９６２８０,燦ホールディングス
96290,９６２９０,ピー・シー・エー
96320,９６３２０,スバル興業
96440,９６４４０,タナベコンサルティンググループ
96580,９６５８０,ビジネスブレイン太田昭和
96630,９６６３０,ナガワ
96720,９６７２０,東京都競馬
96780,９６７８０,カナモト
96820,９６８２０,ＤＴＳ
96840,９６８４０,スクウェア・エニックス・ホールディングス
96920,９６９２０,シーイーシー
96970,９６９７０,カプコン
96990,９６９９０,ニシオホールディングス
97020,９７０２０,アイ・エス・ビー
97060,９７０６０,日本空港ビルデング
97150,９７１５０,トランス・コスモス
97160,９７１６０,乃村工藝社
97190,９７１９０,ＳＣＳＫ
97220,９７２２０,藤田観光
97260,９７２６０,ＫＮＴ−ＣＴホールディングス
97290,９７２９０,トーカイ
97350,９７３５０,セコム
97390,９７３９０,ＮＳＷ
97400,９７４００,セントラル警備保障
97420,９７４２０,アイネス
97430,９７４３０,丹青社
97440,９７４４０,メイテックグループホールディングス
97460,９７４６０,ＴＫＣ
97490,９７４９０,富士ソフト
97550,９７５５０,応用地質
97570,９７５７０,船井総研ホールディングス
97590,９７５９０,ＮＳＤ
97660,９７６６０,コナミグループ
97690,９７６９０,学究社
97870,９７８７０,イオンディライト
97880,９７８８０,ナック
97900,９７９００,福井コンピュータホールディングス
97930,９７９３０,ダイセキ
97950,９７９５０,ステップ
98240,９８２４０,泉州電業
98280,９８２８０,Ｇｅｎｋｉ　Ｇｌｏｂａｌ　Ｄｉｎｉｎｇ　Ｃｏｎｃｅｐｔｓ
98300,９８３００,トラスコ中山
98310,９８３１０,ヤマダホールディングス
98320,９８３２０,オートバックスセブン
98370,９８３７０,モリト
98420,９８４２０,アークランズ
98430,９８４３０,ニトリホールディングス
98500,９８５００,グルメ杵屋
98560,９８５６０,ケーユーホールディングス
98610,９８６１０,吉野家ホールディングス
98690,９８６９０,加藤産業
98800,９８８００,イノテック
98820,９８８２０,イエローハット
98870,９８８７０,松屋フーズホールディングス
98890,９８８９０,ＪＢＣＣホールディングス
98960,９８９６０,ＪＫホールディングス
99000,９９０００,サガミホールディングス
99020,９９０２０,日伝
99280,９９２８０,ミロク情報サービス
99320,９９３２０,杉本商事
99340,９９３４０,因幡電機産業
99360,９９３６０,王将フードサービス
99460,９９４６０,ミニストップ
99480,９９４８０,アークス
99560,９９５６０,バローホールディングス
99600,９９６００,東テク
99620,９９６２０,ミスミグループ本社
99740,９９７４０,ベルク
99790,９９７９０,大庄
99830,９９８３０,ファーストリテイリング
99840,９９８４０,ソフトバンクグループ
99870,９９８７０,スズケン
99890,９９８９０,サンドラッグ
99900,９９９００,サックスバー　ホールディングス
99910,９９９１０,ジェコス
99970,９９９７０,ベルーナ
