CompanyName,Sector17CodeName,Ticker
極洋,食品,1301.T
ニッスイ,食品,1332.T
マルハニチロ,食品,1333.T
雪国まいたけ,食品,1375.T
サカタのタネ,食品,1377.T
ホクト,食品,1379.T
ショーボンドホールディングス,建設・資材,1414.T
ミライト・ワン,建設・資材,1417.T
タマホーム,建設・資材,1419.T
日鉄鉱業,エネルギー資源,1515.T
三井松島ホールディングス,情報通信・サービスその他,1518.T
ＩＮＰＥＸ,エネルギー資源,1605.T
石油資源開発,エネルギー資源,1662.T
Ｋ＆Ｏエナジーグループ,エネルギー資源,1663.T
リョーサン菱洋ホールディングス,商社・卸売,167A.T
安藤・間,建設・資材,1719.T
東急建設,建設・資材,1720.T
コムシスホールディングス,建設・資材,1721.T
ビーアールホールディングス,建設・資材,1726.T
高松コンストラクショングループ,建設・資材,1762.T
東建コーポレーション,建設・資材,1766.T
ヤマウラ,建設・資材,1780.T
オリエンタル白石,建設・資材,1786.T
大成建設,建設・資材,1801.T
大林組,建設・資材,1802.T
清水建設,建設・資材,1803.T
長谷工コーポレーション,建設・資材,1808.T
鹿島建設,建設・資材,1812.T
不動テトラ,建設・資材,1813.T
鉄建建設,建設・資材,1815.T
西松建設,建設・資材,1820.T
三井住友建設,建設・資材,1821.T
奥村組,建設・資材,1833.T
東鉄工業,建設・資材,1835.T
淺沼組,建設・資材,1852.T
戸田建設,建設・資材,1860.T
熊谷組,建設・資材,1861.T
矢作建設工業,建設・資材,1870.T
ピーエス・コンストラクション,建設・資材,1871.T
日本ハウスホールディングス,建設・資材,1873.T
大東建託,不動産,1878.T
新日本建設,建設・資材,1879.T
東亜道路工業,建設・資材,1882.T
日本道路,建設・資材,1884.T
東亜建設工業,建設・資材,1885.T
日本国土開発,建設・資材,1887.T
若築建設,建設・資材,1888.T
東洋建設,建設・資材,1890.T
五洋建設,建設・資材,1893.T
世紀東急工業,建設・資材,1898.T
福田組,建設・資材,1899.T
住友林業,建設・資材,1911.T
大和ハウス工業,建設・資材,1925.T
ライト工業,建設・資材,1926.T
積水ハウス,建設・資材,1928.T
日特建設,建設・資材,1929.T
北陸電気工事,建設・資材,1930.T
ユアテック,建設・資材,1934.T
日本リーテック,建設・資材,1938.T
四電工,建設・資材,1939.T
中電工,建設・資材,1941.T
関電工,建設・資材,1942.T
きんでん,建設・資材,1944.T
東京エネシス,建設・資材,1945.T
トーエネック,建設・資材,1946.T
住友電設,建設・資材,1949.T
日本電設工業,建設・資材,1950.T
エクシオグループ,建設・資材,1951.T
新日本空調,建設・資材,1952.T
九電工,建設・資材,1959.T
三機工業,建設・資材,1961.T
日揮ホールディングス,建設・資材,1963.T
中外炉工業,建設・資材,1964.T
太平電業,建設・資材,1968.T
高砂熱学工業,建設・資材,1969.T
ＮＥＣネッツエスアイ,情報通信・サービスその他,1973.T
朝日工業社,建設・資材,1975.T
明星工業,建設・資材,1976.T
大氣社,建設・資材,1979.T
ダイダン,建設・資材,1980.T
日比谷総合設備,建設・資材,1982.T
ニップン,食品,2001.T
日清製粉グループ本社,食品,2002.T
昭和産業,食品,2004.T
中部飼料,食品,2053.T
フィード・ワン,食品,2060.T
日本甜菜製糖,食品,2108.T
ＤＭ三井製糖ホールディングス,食品,2109.T
ウェルネオシュガー,食品,2117.T
ＬＩＦＵＬＬ,情報通信・サービスその他,2120.T
ＭＩＸＩ,情報通信・サービスその他,2121.T
ジェイエイシーリクルートメント,情報通信・サービスその他,2124.T
日本Ｍ＆Ａセンターホールディングス,情報通信・サービスその他,2127.T
メンバーズ,情報通信・サービスその他,2130.T
ＵＴグループ,情報通信・サービスその他,2146.T
アイティメディア,情報通信・サービスその他,2148.T
ケアネット,情報通信・サービスその他,2150.T
Ｅ・Ｊホールディングス,情報通信・サービスその他,2153.T
オープンアップグループ,情報通信・サービスその他,2154.T
コシダカホールディングス,情報通信・サービスその他,2157.T
パソナグループ,情報通信・サービスその他,2168.T
リンクアンドモチベーション,情報通信・サービスその他,2170.T
エス・エム・エス,情報通信・サービスその他,2175.T
パーソルホールディングス,情報通信・サービスその他,2181.T
森永製菓,食品,2201.T
江崎グリコ,食品,2206.T
名糖産業,食品,2207.T
井村屋グループ,食品,2209.T
不二家,食品,2211.T
山崎製パン,食品,2212.T
モロゾフ,食品,2217.T
亀田製菓,食品,2220.T
寿スピリッツ,食品,2222.T
カルビー,食品,2229.T
森永乳業,食品,2264.T
六甲バター,食品,2266.T
ヤクルト本社,食品,2267.T
明治ホールディングス,食品,2269.T
雪印メグミルク,食品,2270.T
プリマハム,食品,2281.T
日本ハム,食品,2282.T
丸大食品,食品,2288.T
Ｓ　Ｆｏｏｄｓ,食品,2292.T
柿安本店,食品,2294.T
伊藤ハム米久ホールディングス,食品,2296.T
学情,情報通信・サービスその他,2301.T
スタジオアリス,情報通信・サービスその他,2305.T
クロスキャット,情報通信・サービスその他,2307.T
システナ,情報通信・サービスその他,2317.T
ＮＪＳ,情報通信・サービスその他,2325.T
デジタルアーツ,情報通信・サービスその他,2326.T
日鉄ソリューションズ,情報通信・サービスその他,2327.T
綜合警備保障,情報通信・サービスその他,2331.T
キューブシステム,情報通信・サービスその他,2335.T
いちご,不動産,2337.T
日本駐車場開発,不動産,2353.T
コア,情報通信・サービスその他,2359.T
カカクコム,情報通信・サービスその他,2371.T
アイロムグループ,情報通信・サービスその他,2372.T
セントケア・ホールディング,情報通信・サービスその他,2374.T
ルネサンス,情報通信・サービスその他,2378.T
ディップ,情報通信・サービスその他,2379.T
ＳＢＳホールディングス,運輸・物流,2384.T
デジタルホールディングス,情報通信・サービスその他,2389.T
新日本科学,情報通信・サービスその他,2395.T
エムスリー,情報通信・サービスその他,2413.T
ワールドホールディングス,情報通信・サービスその他,2429.T
ディー・エヌ・エー,情報通信・サービスその他,2432.T
博報堂ＤＹホールディングス,情報通信・サービスその他,2433.T
ぐるなび,情報通信・サービスその他,2440.T
タカミヤ,情報通信・サービスその他,2445.T
ファンコミュニケーションズ,情報通信・サービスその他,2461.T
ライク,情報通信・サービスその他,2462.T
エスプール,情報通信・サービスその他,2471.T
ＷＤＢホールディングス,情報通信・サービスその他,2475.T
アドウェイズ,情報通信・サービスその他,2489.T
バリューコマース,情報通信・サービスその他,2491.T
インフォマート,情報通信・サービスその他,2492.T
サッポロホールディングス,食品,2501.T
アサヒグループホールディングス,食品,2502.T
キリンホールディングス,食品,2503.T
宝ホールディングス,食品,2531.T
オエノンホールディングス,食品,2533.T
養命酒製造,食品,2540.T
飛島ホールディングス,建設・資材,256A.T
コカ・コーラ　ボトラーズジャパンホールディングス,食品,2579.T
ライフドリンク　カンパニー,食品,2585.T
サントリー食品インターナショナル,食品,2587.T
ダイドーグループホールディングス,食品,2590.T
伊藤園,食品,2593.T
キーコーヒー,食品,2594.T
日清オイリオグループ,食品,2602.T
不二製油グループ本社,食品,2607.T
Ｊ−オイルミルズ,食品,2613.T
インターメスティック,小売,262A.T
サンエー,小売,2659.T
カワチ薬品,小売,2664.T
エービーシー・マート,小売,2670.T
ハードオフコーポレーション,小売,2674.T
高千穂交易,商社・卸売,2676.T
アスクル,小売,2678.T
ゲオホールディングス,小売,2681.T
アダストリア,小売,2685.T
リガク・ホールディングス,電機・精密,268A.T
伊藤忠食品,商社・卸売,2692.T
くら寿司,小売,2695.T
パルグループホールディングス,小売,2726.T
エディオン,小売,2730.T
あらた,商社・卸売,2733.T
サーラコーポレーション,小売,2734.T
トーメンデバイス,商社・卸売,2737.T
ハローズ,小売,2742.T
ＪＰホールディングス,情報通信・サービスその他,2749.T
フジオフードグループ本社,小売,2752.T
あみやき亭,小売,2753.T
東京エレクトロン　デバイス,商社・卸売,2760.T
円谷フィールズホールディングス,商社・卸売,2767.T
双日,商社・卸売,2768.T
アルフレッサ　ホールディングス,商社・卸売,2784.T
大黒天物産,小売,2791.T
ハニーズホールディングス,小売,2792.T
キッコーマン,食品,2801.T
味の素,食品,2802.T
ブルドックソース,食品,2804.T
キユーピー,食品,2809.T
ハウス食品グループ本社,食品,2810.T
カゴメ,食品,2811.T
アリアケジャパン,食品,2815.T
キオクシアホールディングス,電機・精密,285A.T
ニチレイ,食品,2871.T
横浜冷凍,商社・卸売,2874.T
東洋水産,食品,2875.T
イートアンドホールディングス,食品,2882.T
ヨシムラ・フード・ホールディングス,食品,2884.T
日清食品ホールディングス,食品,2897.T
フジッコ,食品,2908.T
ロック・フィールド,食品,2910.T
日本たばこ産業,食品,2914.T
ケンコーマヨネーズ,食品,2915.T
わらべや日洋ホールディングス,食品,2918.T
なとり,食品,2922.T
ファーマフーズ,食品,2929.T
北の達人コーポレーション,素材・化学,2930.T
ユーグレナ,食品,2931.T
紀文食品,食品,2933.T
ピックルスホールディングス,食品,2935.T
スター・マイカ・ホールディングス,不動産,2975.T
ＳＲＥホールディングス,不動産,2980.T
グンゼ,素材・化学,3002.T
ヒューリック,不動産,3003.T
アルペン,小売,3028.T
ラクーンホールディングス,情報通信・サービスその他,3031.T
クオールホールディングス,小売,3034.T
アルコニックス,商社・卸売,3036.T
神戸物産,商社・卸売,3038.T
ソリトンシステムズ,情報通信・サービスその他,3040.T
ジンズホールディングス,小売,3046.T
ビックカメラ,小売,3048.T
ＤＣＭホールディングス,小売,3050.T
ＭｏｎｏｔａＲＯ,小売,3064.T
あい　ホールディングス,商社・卸売,3076.T
Ｊ．フロント　リテイリング,小売,3086.T
ドトール・日レスホールディングス,小売,3087.T
マツキヨココカラ＆カンパニー,小売,3088.T
ブロンコビリー,小売,3091.T
ＺＯＺＯ,小売,3092.T
トレジャー・ファクトリー,小売,3093.T
物語コーポレーション,小売,3097.T
三越伊勢丹ホールディングス,小売,3099.T
東洋紡,素材・化学,3101.T
ユニチカ,素材・化学,3103.T
富士紡ホールディングス,素材・化学,3104.T
日清紡ホールディングス,電機・精密,3105.T
倉敷紡績,素材・化学,3106.T
ダイワボウホールディングス,商社・卸売,3107.T
シキボウ,素材・化学,3109.T
日東紡績,建設・資材,3110.T
トヨタ紡織,自動車・輸送機,3116.T
マクニカホールディングス,商社・卸売,3132.T
ラクト・ジャパン,商社・卸売,3139.T
ウエルシアホールディングス,小売,3141.T
クリエイトＳＤホールディングス,小売,3148.T
グリムス,電気・ガス,3150.T
バイタルケーエスケー・ホールディングス,商社・卸売,3151.T
八洲電機,商社・卸売,3153.T
メディアスホールディングス,商社・卸売,3154.T
レスター,商社・卸売,3156.T
ＴＯＫＡＩホールディングス,商社・卸売,3167.T
三洋貿易,商社・卸売,3176.T
シュッピン,小売,3179.T
ビューティガレージ,商社・卸売,3180.T
オイシックス・ラ・大地,小売,3182.T
ウイン・パートナーズ,商社・卸売,3183.T
ネクステージ,小売,3186.T
ジョイフル本田,小売,3191.T
エターナルホスピタリティグループ,小売,3193.T
ホットランド,小売,3196.T
すかいらーくホールディングス,小売,3197.T
ＳＦＰホールディングス,小売,3198.T
綿半ホールディングス,小売,3199.T
日本毛織,素材・化学,3201.T
ヨシックスホールディングス,小売,3221.T
野村不動産ホールディングス,不動産,3231.T
三重交通グループホールディングス,不動産,3232.T
ディア・ライフ,不動産,3245.T
地主,不動産,3252.T
ＪＰＭＣ,不動産,3276.T
フージャースホールディングス,不動産,3284.T
オープンハウスグループ,不動産,3288.T
東急不動産ホールディングス,不動産,3289.T
飯田グループホールディングス,不動産,3291.T
帝国繊維,素材・化学,3302.T
日本コークス工業,エネルギー資源,3315.T
ゴルフダイジェスト・オンライン,小売,3319.T
ＢＥＥＮＯＳ,小売,3328.T
あさひ,小売,3333.T
日本調剤,小売,3341.T
コスモス薬品,小売,3349.T
シップヘルスケアホールディングス,商社・卸売,3360.T
ソフトクリエイトホールディングス,情報通信・サービスその他,3371.T
セブン＆アイ・ホールディングス,小売,3382.T
クリエイト・レストランツ・ホールディングス,小売,3387.T
明治電機工業,商社・卸売,3388.T
ツルハホールディングス,小売,3391.T
サンマルクホールディングス,小売,3395.T
トリドールホールディングス,小売,3397.T
帝人,素材・化学,3401.T
東レ,素材・化学,3402.T
クラレ,素材・化学,3405.T
旭化成,素材・化学,3407.T
ＴＯＫＹＯ　ＢＡＳＥ,小売,3415.T
宮地エンジニアリンググループ,建設・資材,3431.T
トーカロ,建設・資材,3433.T
ＳＵＭＣＯ,建設・資材,3436.T
川田テクノロジーズ,建設・資材,3443.T
ＲＳ　Ｔｅｃｈｎｏｌｏｇｉｅｓ,建設・資材,3445.T
Ａｎｄ　Ｄｏホールディングス,不動産,3457.T
シーアールイー,不動産,3458.T
ケイアイスター不動産,不動産,3465.T
グッドコムアセット,不動産,3475.T
ジェイ・エス・ビー,不動産,3480.T
ロードスターキャピタル,不動産,3482.T
霞ヶ関キャピタル,不動産,3498.T
ＪＭホールディングス,小売,3539.T
コメダホールディングス,商社・卸売,3543.T
アレンザホールディングス,小売,3546.T
バロックジャパンリミテッド,小売,3548.T
クスリのアオキホールディングス,小売,3549.T
力の源ホールディングス,小売,3561.T
ＦＯＯＤ　＆　ＬＩＦＥ　ＣＯＭＰＡＮＩＥＳ,小売,3563.T
セーレン,素材・化学,3569.T
小松マテーレ,素材・化学,3580.T
ワコールホールディングス,素材・化学,3591.T
ホギメディカル,素材・化学,3593.T
ＴＳＩホールディングス,素材・化学,3608.T
ワールド,素材・化学,3612.T
ＴＩＳ,情報通信・サービスその他,3626.T
グリーホールディングス,情報通信・サービスその他,3632.T
コーエーテクモホールディングス,情報通信・サービスその他,3635.T
三菱総合研究所,情報通信・サービスその他,3636.T
ファインデックス,情報通信・サービスその他,3649.T
ブレインパッド,情報通信・サービスその他,3655.T
ＫＬａｂ,情報通信・サービスその他,3656.T
ポールトゥウィンホールディングス,情報通信・サービスその他,3657.T
ネクソン,情報通信・サービスその他,3659.T
アイスタイル,情報通信・サービスその他,3660.T
エムアップホールディングス,情報通信・サービスその他,3661.T
エイチーム,情報通信・サービスその他,3662.T
セルシス,情報通信・サービスその他,3663.T
エニグモ,情報通信・サービスその他,3665.T
コロプラ,情報通信・サービスその他,3668.T
ブロードリーフ,情報通信・サービスその他,3673.T
デジタルハーツホールディングス,情報通信・サービスその他,3676.T
メディアドゥ,情報通信・サービスその他,3678.T
じげん,情報通信・サービスその他,3679.T
ブイキューブ,情報通信・サービスその他,3681.T
フィックスターズ,情報通信・サービスその他,3687.T
ＣＡＲＴＡ　ＨＯＬＤＩＮＧＳ,情報通信・サービスその他,3688.T
オプティム,情報通信・サービスその他,3694.T
セレス,情報通信・サービスその他,3696.T
ＳＨＩＦＴ,情報通信・サービスその他,3697.T
特種東海製紙,素材・化学,3708.T
ティーガイア,情報通信・サービスその他,3738.T
セック,情報通信・サービスその他,3741.T
テクマトリックス,情報通信・サービスその他,3762.T
プロシップ,情報通信・サービスその他,3763.T
ガンホー・オンライン・エンターテイメント,情報通信・サービスその他,3765.T
ＧＭＯペイメントゲートウェイ,情報通信・サービスその他,3769.T
システムリサーチ,情報通信・サービスその他,3771.T
インターネットイニシアティブ,情報通信・サービスその他,3774.T
さくらインターネット,情報通信・サービスその他,3778.T
ＧＭＯグローバルサイン・ホールディングス,情報通信・サービスその他,3788.T
ＳＲＡホールディングス,情報通信・サービスその他,3817.T
朝日ネット,情報通信・サービスその他,3834.T
ｅＢＡＳＥ,情報通信・サービスその他,3835.T
アバントグループ,情報通信・サービスその他,3836.T
アドソル日進,情報通信・サービスその他,3837.T
フリービット,情報通信・サービスその他,3843.T
コムチュア,情報通信・サービスその他,3844.T
アステリア,情報通信・サービスその他,3853.T
アイル,情報通信・サービスその他,3854.T
王子ホールディングス,素材・化学,3861.T
日本製紙,素材・化学,3863.T
北越コーポレーション,素材・化学,3865.T
大王製紙,素材・化学,3880.T
マークラインズ,情報通信・サービスその他,3901.T
メディカル・データ・ビジョン,情報通信・サービスその他,3902.T
ｇｕｍｉ,情報通信・サービスその他,3903.T
テラスカイ,情報通信・サービスその他,3915.T
デジタル・インフォメーション・テクノロジー,情報通信・サービスその他,3916.T
ネオジャパン,情報通信・サービスその他,3921.T
ＰＲ　ＴＩＭＥＳ,情報通信・サービスその他,3922.T
ラクス,情報通信・サービスその他,3923.T
ダブルスタンダード,情報通信・サービスその他,3925.T
オープンドア,情報通信・サービスその他,3926.T
アカツキ,情報通信・サービスその他,3932.T
Ｕｂｉｃｏｍホールディングス,情報通信・サービスその他,3937.T
カナミックネットワーク,情報通信・サービスその他,3939.T
レンゴー,素材・化学,3941.T
トーモク,素材・化学,3946.T
ザ・パック,素材・化学,3950.T
チェンジホールディングス,情報通信・サービスその他,3962.T
オークネット,情報通信・サービスその他,3964.T
マクロミル,情報通信・サービスその他,3978.T
オロ,情報通信・サービスその他,3983.T
ユーザーローカル,情報通信・サービスその他,3984.T
ＰＫＳＨＡ　Ｔｅｃｈｎｏｌｏｇｙ,情報通信・サービスその他,3993.T
マネーフォワード,情報通信・サービスその他,3994.T
レゾナック・ホールディングス,素材・化学,4004.T
住友化学,素材・化学,4005.T
住友精化,素材・化学,4008.T
日産化学,素材・化学,4021.T
ラサ工業,素材・化学,4022.T
クレハ,素材・化学,4023.T
多木化学,素材・化学,4025.T
テイカ,素材・化学,4027.T
石原産業,素材・化学,4028.T
日本曹達,素材・化学,4041.T
東ソー,素材・化学,4042.T
トクヤマ,素材・化学,4043.T
セントラル硝子,素材・化学,4044.T
東亞合成,素材・化学,4045.T
大阪ソーダ,素材・化学,4046.T
関東電化工業,素材・化学,4047.T
Ｓｕｎ　Ａｓｔｅｒｉｓｋ,情報通信・サービスその他,4053.T
デンカ,素材・化学,4061.T
イビデン,電機・精密,4062.T
信越化学工業,素材・化学,4063.T
日本カーバイド工業,素材・化学,4064.T
プラスアルファ・コンサルティング,情報通信・サービスその他,4071.T
電算システムホールディングス,情報通信・サービスその他,4072.T
堺化学工業,素材・化学,4078.T
第一稀元素化学工業,素材・化学,4082.T
エア・ウォーター,素材・化学,4088.T
日本酸素ホールディングス,素材・化学,4091.T
日本化学工業,素材・化学,4092.T
日本パーカライジング,素材・化学,4095.T
高圧ガス工業,素材・化学,4097.T
四国化成ホールディングス,素材・化学,4099.T
ステラ　ケミファ,素材・化学,4109.T
保土谷化学工業,素材・化学,4112.T
日本触媒,素材・化学,4114.T
大日精化工業,素材・化学,4116.T
カネカ,素材・化学,4118.T
協和キリン,医薬品,4151.T
Ａｐｐｉｅｒ　Ｇｒｏｕｐ,情報通信・サービスその他,4180.T
三菱瓦斯化学,素材・化学,4182.T
三井化学,素材・化学,4183.T
東京応化工業,素材・化学,4186.T
大阪有機化学工業,素材・化学,4187.T
三菱ケミカルグループ,素材・化学,4188.T
ＫＨネオケム,素材・化学,4189.T
ビジョナル,情報通信・サービスその他,4194.T
ダイセル,素材・化学,4202.T
住友ベークライト,素材・化学,4203.T
積水化学工業,素材・化学,4204.T
日本ゼオン,素材・化学,4205.T
アイカ工業,素材・化学,4206.T
ＵＢＥ,素材・化学,4208.T
積水樹脂,素材・化学,4212.T
旭有機材,素材・化学,4216.T
ニチバン,素材・化学,4218.T
リケンテクノス,素材・化学,4220.T
大倉工業,素材・化学,4221.T
積水化成品工業,素材・化学,4228.T
群栄化学工業,素材・化学,4229.T
ダイキョーニシカワ,素材・化学,4246.T
森六ホールディングス,素材・化学,4249.T
恵和,素材・化学,4251.T
日本化薬,素材・化学,4272.T
カーリット,素材・化学,4275.T
プレステージ・インターナショナル,情報通信・サービスその他,4290.T
プロトコーポレーション,情報通信・サービスその他,4298.T
アミューズ,情報通信・サービスその他,4301.T
野村総合研究所,情報通信・サービスその他,4307.T
ドリームインキュベータ,情報通信・サービスその他,4310.T
クイック,情報通信・サービスその他,4318.T
日本システム技術,情報通信・サービスその他,4323.T
電通グループ,情報通信・サービスその他,4324.T
インテージホールディングス,情報通信・サービスその他,4326.T
テイクアンドギヴ・ニーズ,情報通信・サービスその他,4331.T
東邦システムサイエンス,情報通信・サービスその他,4333.T
ぴあ,情報通信・サービスその他,4337.T
イオンファンタジー,情報通信・サービスその他,4343.T
ソースネクスト,情報通信・サービスその他,4344.T
シーティーエス,情報通信・サービスその他,4345.T
日本精化,素材・化学,4362.T
扶桑化学工業,素材・化学,4368.T
トリケミカル研究所,素材・化学,4369.T
シンプレクス・ホールディングス,情報通信・サービスその他,4373.T
ラクスル,情報通信・サービスその他,4384.T
メルカリ,情報通信・サービスその他,4385.T
アイ・ピー・エス,情報通信・サービスその他,4390.T
システムサポートホールディングス,情報通信・サービスその他,4396.T
ＡＤＥＫＡ,素材・化学,4401.T
日油,素材・化学,4403.T
ハリマ化成グループ,素材・化学,4410.T
ウイングアーク１ｓｔ,情報通信・サービスその他,4432.T
ヒト・コミュニケーションズ・ホールディングス,情報通信・サービスその他,4433.T
Ｓａｎｓａｎ,情報通信・サービスその他,4443.T
ギフティ,情報通信・サービスその他,4449.T
花王,素材・化学,4452.T
第一工業製薬,素材・化学,4461.T
石原ケミカル,素材・化学,4462.T
三洋化成工業,素材・化学,4471.T
メドレー,情報通信・サービスその他,4480.T
ベース,情報通信・サービスその他,4481.T
ＪＭＤＣ,情報通信・サービスその他,4483.T
武田薬品工業,医薬品,4502.T
アステラス製薬,医薬品,4503.T
住友ファーマ,医薬品,4506.T
塩野義製薬,医薬品,4507.T
日本新薬,医薬品,4516.T
中外製薬,医薬品,4519.T
科研製薬,医薬品,4521.T
エーザイ,医薬品,4523.T
理研ビタミン,食品,4526.T
ロート製薬,医薬品,4527.T
小野薬品工業,医薬品,4528.T
久光製薬,医薬品,4530.T
持田製薬,医薬品,4534.T
参天製薬,医薬品,4536.T
扶桑薬品工業,医薬品,4538.T
ツムラ,医薬品,4540.T
テルモ,電機・精密,4543.T
Ｈ．Ｕ．グループホールディングス,情報通信・サービスその他,4544.T
キッセイ薬品工業,医薬品,4547.T
生化学工業,医薬品,4548.T
栄研化学,医薬品,4549.T
鳥居薬品,医薬品,4551.T
ＪＣＲファーマ,医薬品,4552.T
東和薬品,医薬品,4553.T
富士製薬工業,医薬品,4554.T
ゼリア新薬工業,医薬品,4559.T
ネクセラファーマ,医薬品,4565.T
第一三共,医薬品,4568.T
杏林製薬,医薬品,4569.T
大幸薬品,医薬品,4574.T
ダイト,医薬品,4577.T
大塚ホールディングス,医薬品,4578.T
ペプチドリーム,医薬品,4587.T
大日本塗料,素材・化学,4611.T
日本ペイントホールディングス,素材・化学,4612.T
関西ペイント,素材・化学,4613.T
中国塗料,素材・化学,4617.T
太陽ホールディングス,素材・化学,4626.T
ＤＩＣ,素材・化学,4631.T
サカタインクス,素材・化学,4633.T
ａｒｔｉｅｎｃｅ,素材・化学,4634.T
アルプス技研,情報通信・サービスその他,4641.T
日本空調サービス,情報通信・サービスその他,4658.T
オリエンタルランド,情報通信・サービスその他,4661.T
フォーカスシステムズ,情報通信・サービスその他,4662.T
ダスキン,情報通信・サービスその他,4665.T
パーク２４,不動産,4666.T
明光ネットワークジャパン,情報通信・サービスその他,4668.T
クレスコ,情報通信・サービスその他,4674.T
フジ・メディア・ホールディングス,情報通信・サービスその他,4676.T
ラウンドワン,情報通信・サービスその他,4680.T
リゾートトラスト,情報通信・サービスその他,4681.T
オービック,情報通信・サービスその他,4684.T
ジャストシステム,情報通信・サービスその他,4686.T
ＴＤＣソフト,情報通信・サービスその他,4687.T
ＬＩＮＥヤフー,情報通信・サービスその他,4689.T
ビー・エム・エル,情報通信・サービスその他,4694.T
トレンドマイクロ,情報通信・サービスその他,4704.T
ＩＤホールディングス,情報通信・サービスその他,4709.T
リソー教育,情報通信・サービスその他,4714.T
早稲田アカデミー,情報通信・サービスその他,4718.T
アルファシステムズ,情報通信・サービスその他,4719.T
フューチャー,情報通信・サービスその他,4722.T
ＣＡＣ　Ｈｏｌｄｉｎｇｓ,情報通信・サービスその他,4725.T
ユー・エス・エス,情報通信・サービスその他,4732.T
オービックビジネスコンサルタント,情報通信・サービスその他,4733.T
アイティフォー,情報通信・サービスその他,4743.T
サイバーエージェント,情報通信・サービスその他,4751.T
楽天グループ,情報通信・サービスその他,4755.T
クリーク・アンド・リバー社,情報通信・サービスその他,4763.T
ＳＢＩグローバルアセットマネジメント,情報通信・サービスその他,4765.T
大塚商会,情報通信・サービスその他,4768.T
サイボウズ,情報通信・サービスその他,4776.T
山田コンサルティンググループ,情報通信・サービスその他,4792.T
セントラルスポーツ,情報通信・サービスその他,4801.T
パラカ,不動産,4809.T
電通総研,情報通信・サービスその他,4812.T
ＡＣＣＥＳＳ,情報通信・サービスその他,4813.T
デジタルガレージ,情報通信・サービスその他,4819.T
イーエムシステムズ,情報通信・サービスその他,4820.T
ウェザーニューズ,情報通信・サービスその他,4825.T
ＣＩＪ,情報通信・サービスその他,4826.T
ビジネスエンジニアリング,情報通信・サービスその他,4828.T
ＷＯＷＯＷ,情報通信・サービスその他,4839.T
スカラ,情報通信・サービスその他,4845.T
フルキャストホールディングス,情報通信・サービスその他,4848.T
エン・ジャパン,情報通信・サービスその他,4849.T
セルソース,医薬品,4880.T
あすか製薬ホールディングス,医薬品,4886.T
サワイグループホールディングス,医薬品,4887.T
富士フイルムホールディングス,素材・化学,4901.T
コニカミノルタ,電機・精密,4902.T
資生堂,素材・化学,4911.T
ライオン,素材・化学,4912.T
高砂香料工業,素材・化学,4914.T
マンダム,素材・化学,4917.T
ミルボン,素材・化学,4919.T
コーセー,素材・化学,4922.T
コタ,素材・化学,4923.T
ポーラ・オルビスホールディングス,素材・化学,4927.T
ノエビアホールディングス,素材・化学,4928.T
新日本製薬,素材・化学,4931.T
Ｉ−ｎｅ,素材・化学,4933.T
アクシージア,素材・化学,4936.T
エステー,素材・化学,4951.T
コニシ,素材・化学,4956.T
長谷川香料,素材・化学,4958.T
小林製薬,素材・化学,4967.T
荒川化学工業,素材・化学,4968.T
メック,素材・化学,4971.T
日本高純度化学,素材・化学,4973.T
タカラバイオ,素材・化学,4974.T
ＪＣＵ,素材・化学,4975.T
デクセリアルズ,素材・化学,4980.T
アース製薬,素材・化学,4985.T
クミアイ化学工業,素材・化学,4996.T
日本農薬,素材・化学,4997.T
ニチレキグループ,エネルギー資源,5011.T
富士石油,エネルギー資源,5017.T
出光興産,エネルギー資源,5019.T
ＥＮＥＯＳホールディングス,エネルギー資源,5020.T
コスモエネルギーホールディングス,エネルギー資源,5021.T
ＡＮＹＣＯＬＯＲ,情報通信・サービスその他,5032.T
テスホールディングス,建設・資材,5074.T
インフロニア・ホールディングス,建設・資材,5076.T
横浜ゴム,自動車・輸送機,5101.T
ＴＯＹＯ　ＴＩＲＥ,自動車・輸送機,5105.T
ブリヂストン,自動車・輸送機,5108.T
住友ゴム工業,自動車・輸送機,5110.T
藤倉コンポジット,自動車・輸送機,5121.T
オカモト,自動車・輸送機,5122.T
アキレス,素材・化学,5142.T
フコク,自動車・輸送機,5185.T
ニッタ,自動車・輸送機,5186.T
住友理工,自動車・輸送機,5191.T
三ツ星ベルト,自動車・輸送機,5192.T
バンドー化学,自動車・輸送機,5195.T
ＡＧＣ,建設・資材,5201.T
日本板硝子,建設・資材,5202.T
有沢製作所,素材・化学,5208.T
日本電気硝子,建設・資材,5214.T
住友大阪セメント,建設・資材,5232.T
太平洋セメント,建設・資材,5233.T
日本ヒューム,建設・資材,5262.T
日本コンクリート工業,建設・資材,5269.T
アジアパイルホールディングス,建設・資材,5288.T
東海カーボン,建設・資材,5301.T
日本カーボン,建設・資材,5302.T
東洋炭素,建設・資材,5310.T
ノリタケ,建設・資材,5331.T
ＴＯＴＯ,建設・資材,5332.T
日本碍子,建設・資材,5333.T
日本特殊陶業,建設・資材,5334.T
ＭＡＲＵＷＡ,建設・資材,5344.T
品川リフラクトリーズ,建設・資材,5351.T
黒崎播磨,建設・資材,5352.T
ヨータイ,建設・資材,5357.T
フジミインコーポレーテッド,建設・資材,5384.T
ニチアス,建設・資材,5393.T
日本製鉄,鉄鋼・非鉄,5401.T
神戸製鋼所,鉄鋼・非鉄,5406.T
中山製鋼所,鉄鋼・非鉄,5408.T
合同製鐵,鉄鋼・非鉄,5410.T
ＪＦＥホールディングス,鉄鋼・非鉄,5411.T
東京製鐵,鉄鋼・非鉄,5423.T
共英製鋼,鉄鋼・非鉄,5440.T
大和工業,鉄鋼・非鉄,5444.T
東京鐵鋼,鉄鋼・非鉄,5445.T
淀川製鋼所,鉄鋼・非鉄,5451.T
中部鋼鈑,鉄鋼・非鉄,5461.T
丸一鋼管,鉄鋼・非鉄,5463.T
大同特殊鋼,鉄鋼・非鉄,5471.T
日本冶金工業,鉄鋼・非鉄,5480.T
山陽特殊製鋼,鉄鋼・非鉄,5481.T
愛知製鋼,鉄鋼・非鉄,5482.T
大平洋金属,鉄鋼・非鉄,5541.T
新日本電工,鉄鋼・非鉄,5563.T
栗本鐵工所,鉄鋼・非鉄,5602.T
日本製鋼所,機械,5631.T
三菱製鋼,鉄鋼・非鉄,5632.T
日本精線,鉄鋼・非鉄,5659.T
エンビプロ・ホールディングス,鉄鋼・非鉄,5698.T
大紀アルミニウム工業所,鉄鋼・非鉄,5702.T
日本軽金属ホールディングス,鉄鋼・非鉄,5703.T
三井金属鉱業,鉄鋼・非鉄,5706.T
東邦亜鉛,鉄鋼・非鉄,5707.T
三菱マテリアル,鉄鋼・非鉄,5711.T
住友金属鉱山,鉄鋼・非鉄,5713.T
ＤＯＷＡホールディングス,鉄鋼・非鉄,5714.T
古河機械金属,鉄鋼・非鉄,5715.T
大阪チタニウムテクノロジーズ,鉄鋼・非鉄,5726.T
東邦チタニウム,鉄鋼・非鉄,5727.T
ＵＡＣＪ,鉄鋼・非鉄,5741.T
ＣＫサンエツ,鉄鋼・非鉄,5757.T
古河電気工業,鉄鋼・非鉄,5801.T
住友電気工業,鉄鋼・非鉄,5802.T
フジクラ,鉄鋼・非鉄,5803.T
ＳＷＣＣ,鉄鋼・非鉄,5805.T
平河ヒューテック,鉄鋼・非鉄,5821.T
いよぎんホールディングス,銀行,5830.T
しずおかフィナンシャルグループ,銀行,5831.T
ちゅうぎんフィナンシャルグループ,銀行,5832.T
楽天銀行,銀行,5838.T
京都フィナンシャルグループ,銀行,5844.T
リョービ,鉄鋼・非鉄,5851.T
ＡＲＥホールディングス,鉄鋼・非鉄,5857.T
東洋製罐グループホールディングス,建設・資材,5901.T
ホッカンホールディングス,建設・資材,5902.T
横河ブリッジホールディングス,建設・資材,5911.T
三和ホールディングス,建設・資材,5929.T
文化シヤッター,建設・資材,5930.T
三協立山,建設・資材,5932.T
アルインコ,建設・資材,5933.T
ＬＩＸＩＬ,建設・資材,5938.T
ノーリツ,建設・資材,5943.T
長府製作所,建設・資材,5946.T
リンナイ,建設・資材,5947.T
ユニプレス,自動車・輸送機,5949.T
日東精工,建設・資材,5957.T
岡部,建設・資材,5959.T
ジーテクト,建設・資材,5970.T
東プレ,建設・資材,5975.T
高周波熱錬,建設・資材,5976.T
東京製綱,建設・資材,5981.T
パイオラックス,建設・資材,5988.T
エイチワン,建設・資材,5989.T
日本発條,建設・資材,5991.T
三浦工業,機械,6005.T
タクマ,機械,6013.T
テクノプロ・ホールディングス,情報通信・サービスその他,6028.T
アイ・アールジャパンホールディングス,情報通信・サービスその他,6035.T
ＫｅｅＰｅｒ技研,情報通信・サービスその他,6036.T
Ｇｕｎｏｓｙ,情報通信・サービスその他,6047.T
イー・ガーディアン,情報通信・サービスその他,6050.T
ジャパンマテリアル,情報通信・サービスその他,6055.T
ベクトル,情報通信・サービスその他,6058.T
チャーム・ケア・コーポレーション,情報通信・サービスその他,6062.T
キャリアリンク,情報通信・サービスその他,6070.T
ＩＢＪ,情報通信・サービスその他,6071.T
アサンテ,情報通信・サービスその他,6073.T
バリューＨＲ,情報通信・サービスその他,6078.T
Ｍ＆Ａキャピタルパートナーズ,情報通信・サービスその他,6080.T
シグマクシス・ホールディングス,情報通信・サービスその他,6088.T
ウィルグループ,情報通信・サービスその他,6089.T
メドピア,情報通信・サービスその他,6095.T
リクルートホールディングス,情報通信・サービスその他,6098.T
エラン,情報通信・サービスその他,6099.T
ツガミ,機械,6101.T
オークマ,機械,6103.T
芝浦機械,機械,6104.T
アマダ,機械,6113.T
アイダエンジニアリング,機械,6118.T
ＦＵＪＩ,機械,6134.T
牧野フライス製作所,機械,6135.T
オーエスジー,機械,6136.T
旭ダイヤモンド工業,機械,6140.T
ＤＭＧ森精機,機械,6141.T
ソディック,機械,6143.T
ディスコ,機械,6146.T
日東工器,機械,6151.T
日進工具,機械,6157.T
冨士ダイス,機械,6167.T
日本郵政,情報通信・サービスその他,6178.T
ベルシステム２４ホールディングス,情報通信・サービスその他,6183.T
鎌倉新書,情報通信・サービスその他,6184.T
エアトリ,情報通信・サービスその他,6191.T
アトラエ,情報通信・サービスその他,6194.T
ストライク,情報通信・サービスその他,6196.T
ソラスト,情報通信・サービスその他,6197.T
インソース,情報通信・サービスその他,6200.T
豊田自動織機,自動車・輸送機,6201.T
リケンＮＰＲ,機械,6209.T
島精機製作所,機械,6222.T
オプトラン,機械,6235.T
イワキ,機械,6237.T
フリュー,機械,6238.T
ヤマシンフィルタ,機械,6240.T
日阪製作所,機械,6247.T
やまびこ,機械,6250.T
野村マイクロ・サイエンス,機械,6254.T
平田機工,機械,6258.T
ＰＥＧＡＳＵＳ,機械,6262.T
マルマエ,機械,6264.T
タツモ,機械,6266.T
ナブテスコ,機械,6268.T
三井海洋開発,機械,6269.T
レオン自動機,機械,6272.T
ＳＭＣ,機械,6273.T
ホソカワミクロン,機械,6277.T
ユニオンツール,機械,6278.T
瑞光,機械,6279.T
オイレス工業,機械,6282.T
日精エー・エス・ビー機械,機械,6284.T
サトーホールディングス,機械,6287.T
技研製作所,機械,6289.T
日精樹脂工業,機械,6293.T
ワイエイシイホールディングス,機械,6298.T
小松製作所,機械,6301.T
住友重機械工業,機械,6302.T
日立建機,機械,6305.T
日工,機械,6306.T
巴工業,機械,6309.T
井関農機,機械,6310.T
ＴＯＷＡ,機械,6315.T
ローツェ,機械,6323.T
クボタ,機械,6326.T
荏原実業,機械,6328.T
東洋エンジニアリング,建設・資材,6330.T
三菱化工機,機械,6331.T
月島ホールディングス,機械,6332.T
帝国電機製作所,機械,6333.T
新東工業,機械,6339.T
澁谷工業,機械,6340.T
アイチ　コーポレーション,機械,6345.T
小森コーポレーション,機械,6349.T
鶴見製作所,機械,6351.T
酒井重工業,機械,6358.T
荏原製作所,機械,6361.T
酉島製作所,機械,6363.T
北越工業,機械,6364.T
ダイキン工業,機械,6367.T
オルガノ,機械,6368.T
トーヨーカネツ,機械,6369.T
栗田工業,機械,6370.T
椿本チエイン,機械,6371.T
日機装,電機・精密,6376.T
レイズネクスト,建設・資材,6379.T
アネスト岩田,機械,6381.T
ダイフク,機械,6383.T
サムコ,機械,6387.T
タダノ,機械,6395.T
フジテック,機械,6406.T
ＣＫＤ,機械,6407.T
平和,機械,6412.T
理想科学工業,機械,6413.T
ＳＡＮＫＹＯ,機械,6417.T
日本金銭機械,機械,6418.T
マースグループホールディングス,機械,6419.T
フクシマガリレイ,機械,6420.T
ダイコク電機,機械,6430.T
竹内製作所,機械,6432.T
アマノ,機械,6436.T
ＪＵＫＩ,機械,6440.T
ジャノメ,機械,6445.T
ブラザー工業,電機・精密,6448.T
マックス,機械,6454.T
モリタホールディングス,自動車・輸送機,6455.T
グローリー,機械,6457.T
新晃工業,機械,6458.T
大和冷機工業,機械,6459.T
セガサミーホールディングス,機械,6460.T
ＴＰＲ,機械,6463.T
ツバキ・ナカシマ,機械,6464.T
ホシザキ,機械,6465.T
日本精工,機械,6471.T
ＮＴＮ,機械,6472.T
ジェイテクト,機械,6473.T
不二越,機械,6474.T
ミネベアミツミ,電機・精密,6479.T
日本トムソン,機械,6480.T
ＴＨＫ,機械,6481.T
イーグル工業,機械,6486.T
ＰＩＬＬＡＲ,機械,6490.T
キッツ,機械,6498.T
日立製作所,電機・精密,6501.T
三菱電機,電機・精密,6503.T
富士電機,電機・精密,6504.T
安川電機,電機・精密,6506.T
シンフォニアテクノロジー,電機・精密,6507.T
明電舎,電機・精密,6508.T
山洋電気,電機・精密,6516.T
デンヨー,電機・精密,6517.T
ＰＨＣホールディングス,電機・精密,6523.T
ＫＯＫＵＳＡＩ　ＥＬＥＣＴＲＩＣ,電機・精密,6525.T
ソシオネクスト,電機・精密,6526.T
ベイカレント,情報通信・サービスその他,6532.T
Ｏｒｃｈｅｓｔｒａ　Ｈｏｌｄｉｎｇｓ,情報通信・サービスその他,6533.T
アイモバイル,情報通信・サービスその他,6535.T
ＭＳ−Ｊａｐａｎ,情報通信・サービスその他,6539.T
ジャパンエレベーターサービスホールディングス,情報通信・サービスその他,6544.T
エル・ティー・エス,情報通信・サービスその他,6560.T
ミダックホールディングス,情報通信・サービスその他,6564.T
キュービーネットホールディングス,情報通信・サービスその他,6571.T
オープングループ,情報通信・サービスその他,6572.T
三櫻工業,自動車・輸送機,6584.T
マキタ,機械,6586.T
東芝テック,電機・精密,6588.T
芝浦メカトロニクス,電機・精密,6590.T
マブチモーター,電機・精密,6592.T
ニデック,電機・精密,6594.T
ユー・エム・シー・エレクトロニクス,電機・精密,6615.T
トレックス・セミコンダクター,電機・精密,6616.T
東光高岳,電機・精密,6617.T
ダブル・スコープ,電機・精密,6619.T
宮越ホールディングス,不動産,6620.T
ダイヘン,電機・精密,6622.T
ヤーマン,電機・精密,6630.T
ＪＶＣケンウッド,電機・精密,6632.T
ミマキエンジニアリング,電機・精密,6638.T
Ｉ−ＰＥＸ,電機・精密,6640.T
大崎電気工業,電機・精密,6644.T
オムロン,電機・精密,6645.T
日東工業,電機・精密,6651.T
ＩＤＥＣ,電機・精密,6652.T
ジーエス・ユアサ　コーポレーション,電機・精密,6674.T
ダイヤモンドエレクトリックホールディングス,電機・精密,6699.T
日本電気,電機・精密,6701.T
富士通,電機・精密,6702.T
沖電気工業,電機・精密,6703.T
電気興業,電機・精密,6706.T
サンケン電気,電機・精密,6707.T
アイホン,電機・精密,6718.T
ルネサスエレクトロニクス,電機・精密,6723.T
セイコーエプソン,電機・精密,6724.T
ワコム,電機・精密,6727.T
アルバック,電機・精密,6728.T
ＥＩＺＯ,電機・精密,6737.T
ジャパンディスプレイ,電機・精密,6740.T
日本信号,電機・精密,6741.T
京三製作所,電機・精密,6742.T
能美防災,電機・精密,6744.T
ホーチキ,電機・精密,6745.T
エレコム,電機・精密,6750.T
パナソニック　ホールディングス,電機・精密,6752.T
シャープ,電機・精密,6753.T
アンリツ,電機・精密,6754.T
富士通ゼネラル,電機・精密,6755.T
ソニーグループ,電機・精密,6758.T
ＴＤＫ,電機・精密,6762.T
帝国通信工業,電機・精密,6763.T
タムラ製作所,電機・精密,6768.T
アルプスアルパイン,電機・精密,6770.T
日本電波工業,電機・精密,6779.T
鈴木,電機・精密,6785.T
メイコー,電機・精密,6787.T
日本トリム,電機・精密,6788.T
フォスター電機,電機・精密,6794.T
ＳＭＫ,電機・精密,6798.T
ヨコオ,電機・精密,6800.T
ホシデン,電機・精密,6804.T
ヒロセ電機,電機・精密,6806.T
日本航空電子工業,電機・精密,6807.T
ＴＯＡ,電機・精密,6809.T
マクセル,電機・精密,6810.T
古野電気,電機・精密,6814.T
スミダコーポレーション,電機・精密,6817.T
アイコム,電機・精密,6820.T
リオン,電機・精密,6823.T
横河電機,電機・精密,6841.T
新電元工業,電機・精密,6844.T
アズビル,電機・精密,6845.T
日本光電工業,電機・精密,6849.T
チノー,電機・精密,6850.T
堀場製作所,電機・精密,6856.T
アドバンテスト,電機・精密,6857.T
エスペック,電機・精密,6859.T
キーエンス,電機・精密,6861.T
日置電機,電機・精密,6866.T
シスメックス,電機・精密,6869.T
日本マイクロニクス,電機・精密,6871.T
メガチップス,電機・精密,6875.T
ＩＭＡＧＩＣＡ　ＧＲＯＵＰ,情報通信・サービスその他,6879.T
デンソー,自動車・輸送機,6902.T
コーセル,電機・精密,6905.T
イリソ電子工業,電機・精密,6908.T
オプテックスグループ,電機・精密,6914.T
レーザーテック,電機・精密,6920.T
スタンレー電気,電機・精密,6923.T
ウシオ電機,電機・精密,6925.T
日本セラミック,電機・精密,6929.T
古河電池,電機・精密,6937.T
山一電機,電機・精密,6941.T
図研,電機・精密,6947.T
日本電子,電機・精密,6951.T
カシオ計算機,電機・精密,6952.T
ファナック,電機・精密,6954.T
日本シイエムケイ,電機・精密,6958.T
エンプラス,電機・精密,6961.T
大真空,電機・精密,6962.T
ローム,電機・精密,6963.T
浜松ホトニクス,電機・精密,6965.T
三井ハイテック,電機・精密,6966.T
新光電気工業,電機・精密,6967.T
京セラ,電機・精密,6971.T
太陽誘電,電機・精密,6976.T
村田製作所,電機・精密,6981.T
双葉電子工業,電機・精密,6986.T
日東電工,素材・化学,6988.T
東海理化電機製作所,自動車・輸送機,6995.T
ニチコン,電機・精密,6996.T
日本ケミコン,電機・精密,6997.T
ＫＯＡ,電機・精密,6999.T
三井Ｅ＆Ｓ,機械,7003.T
カナデビア,機械,7004.T
三菱重工業,機械,7011.T
川崎重工業,自動車・輸送機,7012.T
ＩＨＩ,機械,7013.T
マネジメントソリューションズ,情報通信・サービスその他,7033.T
プロレド・パートナーズ,情報通信・サービスその他,7034.T
フロンティア・マネジメント,情報通信・サービスその他,7038.T
アンビスホールディングス,情報通信・サービスその他,7071.T
カーブスホールディングス,情報通信・サービスその他,7085.T
フォーラムエンジニアリング,情報通信・サービスその他,7088.T
Ｆａｓｔ　Ｆｉｔｎｅｓｓ　Ｊａｐａｎ,情報通信・サービスその他,7092.T
Ｍａｃｂｅｅ　Ｐｌａｎｅｔ,情報通信・サービスその他,7095.T
日本車輌製造,自動車・輸送機,7102.T
フルサト・マルカホールディングス,商社・卸売,7128.T
ヤマエグループホールディングス,商社・卸売,7130.T
ＦＰＧ,金融（除く銀行）,7148.T
全国保証,金融（除く銀行）,7164.T
めぶきフィナンシャルグループ,銀行,7167.T
ジャパンインベストメントアドバイザー,金融（除く銀行）,7172.T
東京きらぼしフィナンシャルグループ,銀行,7173.T
九州フィナンシャルグループ,銀行,7180.T
かんぽ生命保険,金融（除く銀行）,7181.T
ゆうちょ銀行,銀行,7182.T
富山第一銀行,銀行,7184.T
コンコルディア・フィナンシャルグループ,銀行,7186.T
ジェイリース,金融（除く銀行）,7187.T
西日本フィナンシャルホールディングス,銀行,7189.T
ＳＢＩアルヒ,金融（除く銀行）,7198.T
プレミアグループ,金融（除く銀行）,7199.T
日産自動車,自動車・輸送機,7201.T
いすゞ自動車,自動車・輸送機,7202.T
トヨタ自動車,自動車・輸送機,7203.T
日野自動車,自動車・輸送機,7205.T
三菱自動車工業,自動車・輸送機,7211.T
武蔵精密工業,自動車・輸送機,7220.T
新明和工業,自動車・輸送機,7224.T
極東開発工業,自動車・輸送機,7226.T
トピー工業,自動車・輸送機,7231.T
ティラド,自動車・輸送機,7236.T
曙ブレーキ工業,自動車・輸送機,7238.T
タチエス,自動車・輸送機,7239.T
ＮＯＫ,自動車・輸送機,7240.T
フタバ産業,自動車・輸送機,7241.T
カヤバ,自動車・輸送機,7242.T
市光工業,電機・精密,7244.T
大同メタル工業,自動車・輸送機,7245.T
プレス工業,自動車・輸送機,7246.T
太平洋工業,自動車・輸送機,7250.T
アイシン,自動車・輸送機,7259.T
マツダ,自動車・輸送機,7261.T
本田技研工業,自動車・輸送機,7267.T
スズキ,自動車・輸送機,7269.T
ＳＵＢＡＲＵ,自動車・輸送機,7270.T
ヤマハ発動機,自動車・輸送機,7272.T
小糸製作所,電機・精密,7276.T
エクセディ,自動車・輸送機,7278.T
ミツバ,電機・精密,7280.T
豊田合成,自動車・輸送機,7282.T
愛三工業,自動車・輸送機,7283.T
ヨロズ,自動車・輸送機,7294.T
エフ・シー・シー,自動車・輸送機,7296.T
シマノ,自動車・輸送機,7309.T
テイ・エス　テック,自動車・輸送機,7313.T
三十三フィナンシャルグループ,銀行,7322.T
第四北越フィナンシャルグループ,銀行,7327.T
ひろぎんホールディングス,銀行,7337.T
おきなわフィナンシャルグループ,銀行,7350.T
ダイレクトマーケティングミックス,情報通信・サービスその他,7354.T
ＬＩＴＡＬＩＣＯ,情報通信・サービスその他,7366.T
十六フィナンシャルグループ,銀行,7380.T
北國フィナンシャルホールディングス,銀行,7381.T
ネットプロテクションズホールディングス,金融（除く銀行）,7383.T
プロクレアホールディングス,銀行,7384.T
ＦＰパートナー,金融（除く銀行）,7388.T
あいちフィナンシャルグループ,銀行,7389.T
ジャムコ,自動車・輸送機,7408.T
小野建,商社・卸売,7414.T
ノジマ,小売,7419.T
佐鳥電機,商社・卸売,7420.T
カッパ・クリエイト,小売,7421.T
伯東,商社・卸売,7433.T
コンドーテック,商社・卸売,7438.T
ナガイレーベン,商社・卸売,7447.T
良品計画,小売,7453.T
松田産業,商社・卸売,7456.T
第一興商,商社・卸売,7458.T
メディパルホールディングス,商社・卸売,7459.T
ＳＰＫ,商社・卸売,7466.T
萩原電気ホールディングス,商社・卸売,7467.T
アルビス,小売,7475.T
アズワン,商社・卸売,7476.T
シモジマ,商社・卸売,7482.T
ドウシシャ,商社・卸売,7483.T
高速,商社・卸売,7504.T
Ｇ‐７ホールディングス,小売,7508.T
たけびし,商社・卸売,7510.T
コジマ,小売,7513.T
コーナン商事,小売,7516.T
ネットワンシステムズ,情報通信・サービスその他,7518.T
エコス,小売,7520.T
ワタミ,小売,7522.T
リックス,商社・卸売,7525.T
パン・パシフィック・インターナショナルホールディングス,小売,7532.T
丸文,商社・卸売,7537.T
西松屋チェーン,小売,7545.T
ゼンショーホールディングス,小売,7550.T
ハピネット,商社・卸売,7552.T
幸楽苑,小売,7554.T
日本ライフライン,商社・卸売,7575.T
サイゼリヤ,小売,7581.T
ＶＴホールディングス,小売,7593.T
アルゴグラフィックス,情報通信・サービスその他,7595.T
魚力,小売,7596.T
ＩＤＯＭ,商社・卸売,7599.T
日本エム・ディ・エム,電機・精密,7600.T
フジ・コーポレーション,小売,7605.T
ユナイテッドアローズ,小売,7606.T
進和,商社・卸売,7607.T
ダイトロン,商社・卸売,7609.T
ハイデイ日高,小売,7611.T
シークス,商社・卸売,7613.T
コロワイド,小売,7616.T
オーハシテクニカ,商社・卸売,7628.T
壱番屋,小売,7630.T
白銅,商社・卸売,7637.T
スギホールディングス,小売,7649.T
薬王堂ホールディングス,小売,7679.T
ダブルエー,小売,7683.T
島津製作所,電機・精密,7701.T
長野計器,電機・精密,7715.T
ブイ・テクノロジー,電機・精密,7717.T
スター精密,機械,7718.T
東京計器,電機・精密,7721.T
愛知時計電機,電機・精密,7723.T
インターアクション,電機・精密,7725.T
東京精密,電機・精密,7729.T
マニー,電機・精密,7730.T
ニコン,電機・精密,7731.T
トプコン,電機・精密,7732.T
オリンパス,電機・精密,7733.T
理研計器,電機・精密,7734.T
ＳＣＲＥＥＮホールディングス,電機・精密,7735.T
キヤノン電子,電機・精密,7739.T
タムロン,電機・精密,7740.T
ＨＯＹＡ,電機・精密,7741.T
ノーリツ鋼機,電機・精密,7744.T
Ａ＆Ｄホロンホールディングス,電機・精密,7745.T
朝日インテック,電機・精密,7747.T
キヤノン,電機・精密,7751.T
リコー,電機・精密,7752.T
シチズン時計,電機・精密,7762.T
メニコン,電機・精密,7780.T
パラマウントベッドホールディングス,情報通信・サービスその他,7817.T
トランザクション,情報通信・サービスその他,7818.T
ニホンフラッシュ,情報通信・サービスその他,7820.T
前田工繊,情報通信・サービスその他,7821.T
フルヤ金属,情報通信・サービスその他,7826.T
バンダイナムコホールディングス,情報通信・サービスその他,7832.T
ＳＨＯＥＩ,情報通信・サービスその他,7839.T
フランスベッドホールディングス,情報通信・サービスその他,7840.T
マーベラス,情報通信・サービスその他,7844.T
パイロットコーポレーション,情報通信・サービスその他,7846.T
萩原工業,情報通信・サービスその他,7856.T
エイベックス,情報通信・サービスその他,7860.T
フジシールインターナショナル,情報通信・サービスその他,7864.T
タカラトミー,情報通信・サービスその他,7867.T
広済堂ホールディングス,情報通信・サービスその他,7868.T
レック,素材・化学,7874.T
三光合成,素材・化学,7888.T
プロネクサス,情報通信・サービスその他,7893.T
ＴＯＰＰＡＮホールディングス,情報通信・サービスその他,7911.T
大日本印刷,情報通信・サービスその他,7912.T
共同印刷,情報通信・サービスその他,7914.T
ＮＩＳＳＨＡ,情報通信・サービスその他,7915.T
ＺＡＣＲＯＳ,素材・化学,7917.T
ＴＡＫＡＲＡ　＆　ＣＯＭＰＡＮＹ,情報通信・サービスその他,7921.T
前澤化成工業,素材・化学,7925.T
未来工業,素材・化学,7931.T
アシックス,情報通信・サービスその他,7936.T
ＪＳＰ,素材・化学,7942.T
ニチハ,建設・資材,7943.T
ローランド,情報通信・サービスその他,7944.T
エフピコ,素材・化学,7947.T
小松ウオール工業,情報通信・サービスその他,7949.T
ヤマハ,情報通信・サービスその他,7951.T
河合楽器製作所,情報通信・サービスその他,7952.T
クリナップ,情報通信・サービスその他,7955.T
ピジョン,情報通信・サービスその他,7956.T
天馬,素材・化学,7958.T
キングジム,情報通信・サービスその他,7962.T
象印マホービン,電機・精密,7965.T
リンテック,情報通信・サービスその他,7966.T
信越ポリマー,素材・化学,7970.T
イトーキ,情報通信・サービスその他,7972.T
任天堂,情報通信・サービスその他,7974.T
三菱鉛筆,情報通信・サービスその他,7976.T
松風,電機・精密,7979.T
タカラスタンダード,情報通信・サービスその他,7981.T
コクヨ,情報通信・サービスその他,7984.T
ニフコ,素材・化学,7988.T
立川ブラインド工業,建設・資材,7989.T
グローブライド,情報通信・サービスその他,7990.T
オカムラ,情報通信・サービスその他,7994.T
バルカー,素材・化学,7995.T
伊藤忠商事,商社・卸売,8001.T
丸紅,商社・卸売,8002.T
スクロール,小売,8005.T
ヨンドシーホールディングス,小売,8008.T
三陽商会,素材・化学,8011.T
長瀬産業,商社・卸売,8012.T
蝶理,商社・卸売,8014.T
豊田通商,商社・卸売,8015.T
オンワードホールディングス,素材・化学,8016.T
兼松,商社・卸売,8020.T
美津濃,情報通信・サービスその他,8022.T
三井物産,商社・卸売,8031.T
日本紙パルプ商事,商社・卸売,8032.T
東京エレクトロン,電機・精密,8035.T
カメイ,商社・卸売,8037.T
スターゼン,商社・卸売,8043.T
セイコーグループ,電機・精密,8050.T
山善,商社・卸売,8051.T
椿本興業,商社・卸売,8052.T
住友商事,商社・卸売,8053.T
ＢＩＰＲＯＧＹ,情報通信・サービスその他,8056.T
内田洋行,商社・卸売,8057.T
三菱商事,商社・卸売,8058.T
第一実業,商社・卸売,8059.T
キヤノンマーケティングジャパン,商社・卸売,8060.T
西華産業,商社・卸売,8061.T
佐藤商事,商社・卸売,8065.T
東京産業,商社・卸売,8070.T
ユアサ商事,商社・卸売,8074.T
神鋼商事,商社・卸売,8075.T
阪和興業,商社・卸売,8078.T
正栄食品工業,商社・卸売,8079.T
カナデン,商社・卸売,8081.T
ＲＹＯＤＥＮ,商社・卸売,8084.T
ニプロ,電機・精密,8086.T
岩谷産業,商社・卸売,8088.T
極東貿易,商社・卸売,8093.T
アステナホールディングス,商社・卸売,8095.T
三愛オブリ,商社・卸売,8097.T
稲畑産業,商社・卸売,8098.T
ＧＳＩクレオス,商社・卸売,8101.T
明和産業,商社・卸売,8103.T
ゴールドウイン,素材・化学,8111.T
ユニ・チャーム,素材・化学,8113.T
ワキタ,商社・卸売,8125.T
東邦ホールディングス,商社・卸売,8129.T
サンゲツ,商社・卸売,8130.T
シナネンホールディングス,商社・卸売,8132.T
伊藤忠エネクス,商社・卸売,8133.T
サンリオ,商社・卸売,8136.T
サンワテクノス,商社・卸売,8137.T
新光商事,商社・卸売,8141.T
トーホー,商社・卸売,8142.T
三信電気,商社・卸売,8150.T
東陽テクニカ,商社・卸売,8151.T
モスフードサービス,商社・卸売,8153.T
加賀電子,商社・卸売,8154.T
都築電気,情報通信・サービスその他,8157.T
ソーダニッカ,商社・卸売,8158.T
立花エレテック,商社・卸売,8159.T
木曽路,小売,8160.T
ＳＲＳホールディングス,小売,8163.T
リテールパートナーズ,小売,8167.T
上新電機,小売,8173.T
日本瓦斯,小売,8174.T
ロイヤルホールディングス,小売,8179.T
チヨダ,小売,8185.T
ライフコーポレーション,小売,8194.T
リンガーハット,小売,8200.T
ＭｒＭａｘＨＤ,小売,8203.T
ＡＯＫＩホールディングス,小売,8214.T
オークワ,小売,8217.T
コメリ,小売,8218.T
青山商事,小売,8219.T
しまむら,小売,8227.T
高島屋,小売,8233.T
松屋,小売,8237.T
エイチ・ツー・オー　リテイリング,小売,8242.T
丸井グループ,小売,8252.T
クレディセゾン,金融（除く銀行）,8253.T
アクシアル　リテイリング,小売,8255.T
イオン,小売,8267.T
イズミ,小売,8273.T
平和堂,小売,8276.T
フジ,小売,8278.T
ヤオコー,小売,8279.T
ゼビオホールディングス,小売,8281.T
ケーズホールディングス,小売,8282.T
ＰＡＬＴＡＣ,商社・卸売,8283.T
あおぞら銀行,銀行,8304.T
三菱ＵＦＪフィナンシャル・グループ,銀行,8306.T
りそなホールディングス,銀行,8308.T
三井住友トラストグループ,銀行,8309.T
三井住友フィナンシャルグループ,銀行,8316.T
千葉銀行,銀行,8331.T
群馬銀行,銀行,8334.T
武蔵野銀行,銀行,8336.T
千葉興業銀行,銀行,8337.T
筑波銀行,銀行,8338.T
七十七銀行,銀行,8341.T
秋田銀行,銀行,8343.T
山形銀行,銀行,8344.T
岩手銀行,銀行,8345.T
東邦銀行,銀行,8346.T
ふくおかフィナンシャルグループ,銀行,8354.T
スルガ銀行,銀行,8358.T
八十二銀行,銀行,8359.T
山梨中央銀行,銀行,8360.T
大垣共立銀行,銀行,8361.T
福井銀行,銀行,8362.T
清水銀行,銀行,8364.T
滋賀銀行,銀行,8366.T
南都銀行,銀行,8367.T
百五銀行,銀行,8368.T
紀陽銀行,銀行,8370.T
ほくほくフィナンシャルグループ,銀行,8377.T
山陰合同銀行,銀行,8381.T
百十四銀行,銀行,8386.T
四国銀行,銀行,8387.T
阿波銀行,銀行,8388.T
大分銀行,銀行,8392.T
宮崎銀行,銀行,8393.T
佐賀銀行,銀行,8395.T
琉球銀行,銀行,8399.T
セブン銀行,銀行,8410.T
みずほフィナンシャルグループ,銀行,8411.T
山口フィナンシャルグループ,銀行,8418.T
芙蓉総合リース,金融（除く銀行）,8424.T
みずほリース,金融（除く銀行）,8425.T
東京センチュリー,金融（除く銀行）,8439.T
ＳＢＩホールディングス,金融（除く銀行）,8473.T
日本証券金融,金融（除く銀行）,8511.T
アイフル,金融（除く銀行）,8515.T
名古屋銀行,銀行,8522.T
北洋銀行,銀行,8524.T
愛媛銀行,銀行,8541.T
京葉銀行,銀行,8544.T
栃木銀行,銀行,8550.T
北日本銀行,銀行,8551.T
東和銀行,銀行,8558.T
リコーリース,金融（除く銀行）,8566.T
イオンフィナンシャルサービス,金融（除く銀行）,8570.T
ジャックス,金融（除く銀行）,8584.T
オリエントコーポレーション,金融（除く銀行）,8585.T
オリックス,金融（除く銀行）,8591.T
三菱ＨＣキャピタル,金融（除く銀行）,8593.T
ジャフコ　グループ,金融（除く銀行）,8595.T
トモニホールディングス,銀行,8600.T
大和証券グループ本社,金融（除く銀行）,8601.T
野村ホールディングス,金融（除く銀行）,8604.T
岡三証券グループ,金融（除く銀行）,8609.T
丸三証券,金融（除く銀行）,8613.T
東洋証券,金融（除く銀行）,8614.T
東海東京フィナンシャル・ホールディングス,金融（除く銀行）,8616.T
水戸証券,金融（除く銀行）,8622.T
いちよし証券,金融（除く銀行）,8624.T
松井証券,金融（除く銀行）,8628.T
ＳＯＭＰＯホールディングス,金融（除く銀行）,8630.T
日本取引所グループ,金融（除く銀行）,8697.T
マネックスグループ,金融（除く銀行）,8698.T
極東証券,金融（除く銀行）,8706.T
岩井コスモホールディングス,金融（除く銀行）,8707.T
アイザワ証券グループ,金融（除く銀行）,8708.T
フィデアホールディングス,銀行,8713.T
池田泉州ホールディングス,銀行,8714.T
アニコム　ホールディングス,金融（除く銀行）,8715.T
ＭＳ＆ＡＤインシュアランスグループホールディングス,金融（除く銀行）,8725.T
スパークス・グループ,金融（除く銀行）,8739.T
第一生命ホールディングス,金融（除く銀行）,8750.T
東京海上ホールディングス,金融（除く銀行）,8766.T
イー・ギャランティ,金融（除く銀行）,8771.T
ＮＥＣキャピタルソリューション,金融（除く銀行）,8793.T
Ｔ＆Ｄホールディングス,金融（除く銀行）,8795.T
アドバンスクリエイト,金融（除く銀行）,8798.T
三井不動産,不動産,8801.T
三菱地所,不動産,8802.T
平和不動産,不動産,8803.T
東京建物,不動産,8804.T
京阪神ビルディング,不動産,8818.T
住友不動産,不動産,8830.T
レオパレス２１,不動産,8848.T
スターツコーポレーション,不動産,8850.T
フジ住宅,不動産,8860.T
空港施設,不動産,8864.T
リログループ,情報通信・サービスその他,8876.T
エスリード,不動産,8877.T
日神グループホールディングス,不動産,8881.T
日本エスコン,不動産,8892.T
ＭＩＲＡＲＴＨホールディングス,不動産,8897.T
イオンモール,不動産,8905.T
カチタス,不動産,8919.T
トーセイ,不動産,8923.T
サンフロンティア不動産,不動産,8934.T
ＦＪネクストホールディングス,不動産,8935.T
グランディハウス,不動産,8999.T
東武鉄道,運輸・物流,9001.T
相鉄ホールディングス,運輸・物流,9003.T
東急,運輸・物流,9005.T
京浜急行電鉄,運輸・物流,9006.T
小田急電鉄,運輸・物流,9007.T
京王電鉄,運輸・物流,9008.T
京成電鉄,運輸・物流,9009.T
富士急行,運輸・物流,9010.T
東日本旅客鉄道,運輸・物流,9020.T
西日本旅客鉄道,運輸・物流,9021.T
東海旅客鉄道,運輸・物流,9022.T
東京地下鉄,運輸・物流,9023.T
西武ホールディングス,運輸・物流,9024.T
鴻池運輸,運輸・物流,9025.T
西日本鉄道,運輸・物流,9031.T
ハマキョウレックス,運輸・物流,9037.T
サカイ引越センター,運輸・物流,9039.T
近鉄グループホールディングス,運輸・物流,9041.T
阪急阪神ホールディングス,運輸・物流,9042.T
南海電気鉄道,運輸・物流,9044.T
京阪ホールディングス,運輸・物流,9045.T
神戸電鉄,運輸・物流,9046.T
名古屋鉄道,運輸・物流,9048.T
山陽電気鉄道,運輸・物流,9052.T
ヤマトホールディングス,運輸・物流,9064.T
山九,運輸・物流,9065.T
日新,運輸・物流,9066.T
丸全昭和運輸,運輸・物流,9068.T
センコーグループホールディングス,運輸・物流,9069.T
トナミホールディングス,運輸・物流,9070.T
ニッコンホールディングス,運輸・物流,9072.T
福山通運,運輸・物流,9075.T
セイノーホールディングス,運輸・物流,9076.T
神奈川中央交通,運輸・物流,9081.T
ＡＺ−ＣＯＭ丸和ホールディングス,運輸・物流,9090.T
日本郵船,運輸・物流,9101.T
商船三井,運輸・物流,9104.T
川崎汽船,運輸・物流,9107.T
ＮＳユナイテッド海運,運輸・物流,9110.T
飯野海運,運輸・物流,9119.T
九州旅客鉄道,運輸・物流,9142.T
ＳＧホールディングス,運輸・物流,9143.T
ＮＩＰＰＯＮ　ＥＸＰＲＥＳＳホールディングス,運輸・物流,9147.T
ＩＤ＆Ｅホールディングス,情報通信・サービスその他,9161.T
日本航空,運輸・物流,9201.T
ＡＮＡホールディングス,運輸・物流,9202.T
ビーウィズ,情報通信・サービスその他,9216.T
サンウェルズ,情報通信・サービスその他,9229.T
ＴＲＥホールディングス,情報通信・サービスその他,9247.T
人・夢・技術グループ,情報通信・サービスその他,9248.T
西本Ｗｉｓｍｅｔｔａｃホールディングス,商社・卸売,9260.T
Ｇｅｎｋｙ　ＤｒｕｇＳｔｏｒｅｓ,小売,9267.T
コーア商事ホールディングス,商社・卸売,9273.T
ＫＰＰグループホールディングス,商社・卸売,9274.T
ブックオフグループホールディングス,小売,9278.T
ギフトホールディングス,小売,9279.T
三菱倉庫,運輸・物流,9301.T
三井倉庫ホールディングス,運輸・物流,9302.T
住友倉庫,運輸・物流,9303.T
澁澤倉庫,運輸・物流,9304.T
ヤマタネ,商社・卸売,9305.T
日本トランスシティ,運輸・物流,9310.T
中央倉庫,運輸・物流,9319.T
安田倉庫,運輸・物流,9324.T
ＮＩＳＳＯホールディングス,情報通信・サービスその他,9332.T
大栄環境,情報通信・サービスその他,9336.T
ＧＥＮＯＶＡ,情報通信・サービスその他,9341.T
日本管財ホールディングス,情報通信・サービスその他,9347.T
上組,運輸・物流,9364.T
エーアイテイー,運輸・物流,9381.T
内外トランスライン,運輸・物流,9384.T
日本コンセプト,運輸・物流,9386.T
ＴＢＳホールディングス,情報通信・サービスその他,9401.T
日本テレビホールディングス,情報通信・サービスその他,9404.T
朝日放送グループホールディングス,情報通信・サービスその他,9405.T
テレビ朝日ホールディングス,情報通信・サービスその他,9409.T
スカパーＪＳＡＴホールディングス,情報通信・サービスその他,9412.T
テレビ東京ホールディングス,情報通信・サービスその他,9413.T
ビジョン,情報通信・サービスその他,9416.T
Ｕ−ＮＥＸＴ　ＨＯＬＤＩＮＧＳ,情報通信・サービスその他,9418.T
日本通信,情報通信・サービスその他,9424.T
日本電信電話,情報通信・サービスその他,9432.T
ＫＤＤＩ,情報通信・サービスその他,9433.T
ソフトバンク,情報通信・サービスその他,9434.T
光通信,情報通信・サービスその他,9435.T
エムティーアイ,情報通信・サービスその他,9438.T
ＧＭＯインターネットグループ,情報通信・サービスその他,9449.T
ファイバーゲート,情報通信・サービスその他,9450.T
ＫＡＤＯＫＡＷＡ,情報通信・サービスその他,9468.T
学研ホールディングス,情報通信・サービスその他,9470.T
ゼンリン,情報通信・サービスその他,9474.T
東京電力ホールディングス,電気・ガス,9501.T
中部電力,電気・ガス,9502.T
関西電力,電気・ガス,9503.T
中国電力,電気・ガス,9504.T
北陸電力,電気・ガス,9505.T
東北電力,電気・ガス,9506.T
四国電力,電気・ガス,9507.T
九州電力,電気・ガス,9508.T
北海道電力,電気・ガス,9509.T
沖縄電力,電気・ガス,9511.T
電源開発,電気・ガス,9513.T
イーレックス,電気・ガス,9517.T
レノバ,電気・ガス,9519.T
東京瓦斯,電気・ガス,9531.T
大阪瓦斯,電気・ガス,9532.T
東邦瓦斯,電気・ガス,9533.T
北海道瓦斯,電気・ガス,9534.T
広島ガス,電気・ガス,9535.T
西部ガスホールディングス,電気・ガス,9536.T
静岡ガス,電気・ガス,9543.T
メタウォーター,電気・ガス,9551.T
Ｍ＆Ａ総研ホールディングス,情報通信・サービスその他,9552.T
アイネット,情報通信・サービスその他,9600.T
松竹,情報通信・サービスその他,9601.T
東宝,情報通信・サービスその他,9602.T
エイチ・アイ・エス,情報通信・サービスその他,9603.T
東映,情報通信・サービスその他,9605.T
ラックランド,情報通信・サービスその他,9612.T
ＮＴＴデータグループ,情報通信・サービスその他,9613.T
共立メンテナンス,情報通信・サービスその他,9616.T
イチネンホールディングス,情報通信・サービスその他,9619.T
建設技術研究所,情報通信・サービスその他,9621.T
スペース,情報通信・サービスその他,9622.T
アインホールディングス,小売,9627.T
燦ホールディングス,情報通信・サービスその他,9628.T
ピー・シー・エー,情報通信・サービスその他,9629.T
タナベコンサルティンググループ,情報通信・サービスその他,9644.T
ビジネスブレイン太田昭和,情報通信・サービスその他,9658.T
ナガワ,情報通信・サービスその他,9663.T
東京都競馬,情報通信・サービスその他,9672.T
カナモト,情報通信・サービスその他,9678.T
ＤＴＳ,情報通信・サービスその他,9682.T
スクウェア・エニックス・ホールディングス,情報通信・サービスその他,9684.T
シーイーシー,情報通信・サービスその他,9692.T
カプコン,情報通信・サービスその他,9697.T
ニシオホールディングス,情報通信・サービスその他,9699.T
アイ・エス・ビー,情報通信・サービスその他,9702.T
日本空港ビルデング,不動産,9706.T
トランス・コスモス,情報通信・サービスその他,9715.T
乃村工藝社,情報通信・サービスその他,9716.T
ＳＣＳＫ,情報通信・サービスその他,9719.T
藤田観光,情報通信・サービスその他,9722.T
トーカイ,情報通信・サービスその他,9729.T
セコム,情報通信・サービスその他,9735.T
ＮＳＷ,情報通信・サービスその他,9739.T
セントラル警備保障,情報通信・サービスその他,9740.T
アイネス,情報通信・サービスその他,9742.T
丹青社,情報通信・サービスその他,9743.T
メイテックグループホールディングス,情報通信・サービスその他,9744.T
ＴＫＣ,情報通信・サービスその他,9746.T
富士ソフト,情報通信・サービスその他,9749.T
応用地質,情報通信・サービスその他,9755.T
船井総研ホールディングス,情報通信・サービスその他,9757.T
ＮＳＤ,情報通信・サービスその他,9759.T
コナミグループ,情報通信・サービスその他,9766.T
学究社,情報通信・サービスその他,9769.T
イオンディライト,情報通信・サービスその他,9787.T
ナック,情報通信・サービスその他,9788.T
福井コンピュータホールディングス,情報通信・サービスその他,9790.T
ダイセキ,情報通信・サービスその他,9793.T
ステップ,情報通信・サービスその他,9795.T
泉州電業,商社・卸売,9824.T
トラスコ中山,商社・卸売,9830.T
ヤマダホールディングス,小売,9831.T
オートバックスセブン,商社・卸売,9832.T
モリト,商社・卸売,9837.T
アークランズ,小売,9842.T
ニトリホールディングス,小売,9843.T
グルメ杵屋,小売,9850.T
吉野家ホールディングス,小売,9861.T
加藤産業,商社・卸売,9869.T
イノテック,電機・精密,9880.T
イエローハット,商社・卸売,9882.T
松屋フーズホールディングス,小売,9887.T
ＪＢＣＣホールディングス,情報通信・サービスその他,9889.T
サガミホールディングス,小売,9900.T
日伝,商社・卸売,9902.T
ミロク情報サービス,情報通信・サービスその他,9928.T
杉本商事,商社・卸売,9932.T
因幡電機産業,商社・卸売,9934.T
王将フードサービス,小売,9936.T
ミニストップ,小売,9946.T
アークス,小売,9948.T
バローホールディングス,小売,9956.T
東テク,商社・卸売,9960.T
ミスミグループ本社,商社・卸売,9962.T
ベルク,小売,9974.T
ファーストリテイリング,小売,9983.T
ソフトバンクグループ,情報通信・サービスその他,9984.T
スズケン,商社・卸売,9987.T
サンドラッグ,小売,9989.T
サックスバー　ホールディングス,小売,9990.T
ジェコス,商社・卸売,9991.T
ベルーナ,小売,9997.T
