date,n_trades,n_win,n_loss,n_other,day_pl,cash
2023-06-07,3,2,0,1,12180.00000000003,409919.4999999993
2023-06-08,0,0,0,0,0.0,409919.4999999993
2023-06-09,0,0,0,0,0.0,409919.4999999993
2023-06-12,1,0,0,0,0.0,409919.4999999993
2023-06-13,0,0,0,0,0.0,409919.4999999993
2023-06-14,0,0,0,0,0.0,409919.4999999993
2023-06-15,1,0,0,0,0.0,409919.4999999993
2023-06-16,0,0,0,0,0.0,409919.4999999993
2023-06-19,0,0,0,0,0.0,409919.4999999993
2023-06-20,0,0,0,0,0.0,409919.4999999993
2023-06-21,0,0,0,0,0.0,409919.4999999993
2023-06-22,1,0,0,0,0.0,409919.4999999993
2023-06-23,0,0,0,0,0.0,409919.4999999993
2023-06-26,0,0,0,0,0.0,409919.4999999993
2023-06-27,0,0,0,0,0.0,409919.4999999993
2023-06-28,0,0,0,0,0.0,409919.4999999993
2023-06-29,3,0,0,2,5100.0,415019.4999999993
2023-06-30,0,0,0,0,0.0,415019.4999999993
2023-07-03,0,0,0,0,0.0,415019.4999999993
2023-07-04,1,0,1,0,-12270.000000000027,402749.4999999993
2023-07-05,0,0,0,0,0.0,402749.4999999993
2023-07-06,3,0,0,1,26000.0,428749.4999999993
2023-07-07,3,0,0,1,-4400.0,424349.4999999993
2023-07-10,1,0,0,0,0.0,424349.4999999993
2023-07-11,3,0,1,0,-6534.000000000015,417815.4999999993
2023-07-12,2,0,0,1,-4400.0,413415.4999999993
2023-07-13,0,0,0,0,0.0,413415.4999999993
2023-07-14,2,0,0,0,0.0,413415.4999999993
2023-07-17,0,0,0,0,0.0,413415.4999999993
2023-07-18,1,0,0,1,600.0,414015.4999999993
2023-07-19,0,0,0,0,0.0,414015.4999999993
2023-07-20,0,0,0,0,0.0,414015.4999999993
2023-07-21,0,0,0,0,0.0,414015.4999999993
2023-07-24,0,0,0,0,0.0,414015.4999999993
2023-07-25,0,0,0,0,0.0,414015.4999999993
2023-07-26,1,0,0,0,0.0,414015.4999999993
2023-07-27,0,0,0,0,0.0,414015.4999999993
2023-07-28,1,0,0,1,-6600.0,407415.4999999993
2023-07-31,2,0,0,1,-8400.0,399015.4999999993
2023-08-01,5,1,0,2,19060.000000000025,418075.4999999993
2023-08-02,1,0,0,0,0.0,418075.4999999993
2023-08-03,5,0,1,0,-6590.999999999985,411484.4999999993
2023-08-04,4,1,0,1,37259.99999999999,448744.4999999993
2023-08-07,4,0,1,1,-15015.00000000001,433729.4999999993
2023-08-08,1,0,1,0,-11190.00000000001,422539.4999999993
2023-08-09,3,0,0,2,6000.0,428539.4999999993
2023-08-10,5,0,2,0,-21024.000000000022,407515.49999999924
2023-08-11,0,0,0,0,0.0,407515.49999999924
2023-08-14,5,0,1,0,-11928.00000000002,395587.49999999924
2023-08-15,2,0,1,1,-16758.000000000036,378829.4999999992
2023-08-16,3,0,0,1,7200.0,386029.4999999992
2023-08-17,0,0,0,0,0.0,386029.4999999992
2023-08-18,0,0,0,0,0.0,386029.4999999992
2023-08-21,1,0,0,0,0.0,386029.4999999992
2023-08-22,0,0,0,0,0.0,386029.4999999992
2023-08-23,0,0,0,0,0.0,386029.4999999992
2023-08-24,0,0,0,0,0.0,386029.4999999992
2023-08-25,0,0,0,0,0.0,386029.4999999992
2023-08-28,0,0,0,0,0.0,386029.4999999992
2023-08-29,0,0,0,0,0.0,386029.4999999992
2023-08-30,0,0,0,0,0.0,386029.4999999992
2023-08-31,0,0,0,0,0.0,386029.4999999992
2023-09-01,0,0,0,0,0.0,386029.4999999992
2023-09-04,0,0,0,0,0.0,386029.4999999992
2023-09-05,0,0,0,0,0.0,386029.4999999992
2023-09-06,0,0,0,0,0.0,386029.4999999992
2023-09-07,0,0,0,0,0.0,386029.4999999992
2023-09-08,0,0,0,0,0.0,386029.4999999992
2023-09-11,1,0,1,0,-9855.000000000018,376174.4999999992
2023-09-12,0,0,0,0,0.0,376174.4999999992
2023-09-13,1,0,0,1,0.0,376174.4999999992
2023-09-14,0,0,0,0,0.0,376174.4999999992
2023-09-15,0,0,0,0,0.0,376174.4999999992
2023-09-18,0,0,0,0,0.0,376174.4999999992
2023-09-19,2,0,0,0,0.0,376174.4999999992
2023-09-20,0,0,0,0,0.0,376174.4999999992
2023-09-21,1,0,0,0,0.0,376174.4999999992
2023-09-22,0,0,0,0,0.0,376174.4999999992
2023-09-25,1,0,1,0,-10872.000000000025,365302.4999999992
2023-09-26,1,0,0,1,0.0,365302.4999999992
2023-09-27,0,0,0,0,0.0,365302.4999999992
2023-09-28,1,0,1,0,-7950.0,357352.4999999992
2023-09-29,3,0,3,0,-22050.0,335302.49999999924
2023-10-02,4,0,1,0,-6876.000000000022,328426.4999999992
2023-10-03,5,0,0,0,0.0,328426.4999999992
2023-10-04,5,0,0,0,0.0,328426.4999999992
2023-10-05,2,0,0,2,-4400.0,324026.4999999992
2023-10-06,1,0,0,0,0.0,324026.4999999992
2023-10-09,0,0,0,0,0.0,324026.4999999992
2023-10-10,0,0,0,0,0.0,324026.4999999992
2023-10-11,2,0,1,0,-9480.000000000018,314546.4999999992
2023-10-12,0,0,0,0,0.0,314546.4999999992
2023-10-13,5,0,1,0,-8520.000000000027,306026.4999999992
2023-10-16,5,0,0,0,0.0,306026.4999999992
2023-10-17,0,0,0,0,0.0,306026.4999999992
2023-10-18,1,0,0,1,0.0,306026.4999999992
2023-10-19,1,0,0,0,0.0,306026.4999999992
2023-10-20,3,0,1,0,-6905.9999999999945,299120.4999999992
2023-10-23,2,0,1,1,-9968.00000000003,289152.4999999992
2023-10-24,0,0,0,0,0.0,289152.4999999992
2023-10-25,0,0,0,0,0.0,289152.4999999992
2023-10-26,1,0,0,0,0.0,289152.4999999992
2023-10-27,2,0,0,1,12950.0,302102.4999999992
2023-10-30,5,1,1,2,2270.0000000000164,304372.4999999992
2023-10-31,4,1,0,0,21900.0,326272.4999999992
2023-11-01,2,0,0,1,0.0,326272.4999999992
2023-11-02,2,0,0,1,-4700.0,321572.4999999992
2023-11-03,0,0,0,0,0.0,321572.4999999992
2023-11-06,1,0,0,0,0.0,321572.4999999992
2023-11-07,5,0,1,1,-7646.000000000004,313926.4999999992
2023-11-08,4,0,0,0,0.0,313926.4999999992
2023-11-09,2,0,0,0,0.0,313926.4999999992
2023-11-10,4,0,1,2,359.9999999999909,314286.4999999992
2023-11-13,4,0,0,2,-2700.0,311586.4999999992
2023-11-14,2,0,0,0,0.0,311586.4999999992
2023-11-15,0,0,0,0,0.0,311586.4999999992
2023-11-16,0,0,0,0,0.0,311586.4999999992
2023-11-17,1,0,0,1,0.0,311586.4999999992
2023-11-20,0,0,0,0,0.0,311586.4999999992
2023-11-21,1,0,0,0,0.0,311586.4999999992
2023-11-22,0,0,0,0,0.0,311586.4999999992
2023-11-23,0,0,0,0,0.0,311586.4999999992
2023-11-24,0,0,0,0,0.0,311586.4999999992
2023-11-27,0,0,0,0,0.0,311586.4999999992
2023-11-28,0,0,0,0,0.0,311586.4999999992
2023-11-29,1,0,1,0,-7119.0000000000055,304467.4999999992
2023-11-30,1,0,0,0,0.0,304467.4999999992
2023-12-01,1,0,0,1,0.0,304467.4999999992
2023-12-04,1,0,0,0,0.0,304467.4999999992
2023-12-05,2,0,1,0,-6467.999999999984,297999.4999999992
2023-12-06,0,0,0,0,0.0,297999.4999999992
2023-12-07,3,0,1,1,4469.0000000000055,302468.4999999992
2023-12-08,5,0,0,1,3000.0,305468.4999999992
2023-12-11,1,0,0,0,0.0,305468.4999999992
2023-12-12,2,0,0,0,0.0,305468.4999999992
2023-12-13,2,0,1,0,-7334.999999999991,298133.4999999992
2023-12-14,5,0,0,2,4450.0,302583.4999999992
2023-12-15,0,0,0,0,0.0,302583.4999999992
2023-12-18,1,0,0,0,0.0,302583.4999999992
2023-12-19,0,0,0,0,0.0,302583.4999999992
2023-12-20,1,0,0,0,0.0,302583.4999999992
2023-12-21,0,0,0,0,0.0,302583.4999999992
2023-12-22,0,0,0,0,0.0,302583.4999999992
2023-12-25,0,0,0,0,0.0,302583.4999999992
2023-12-26,1,0,0,0,0.0,302583.4999999992
2023-12-27,0,0,0,0,0.0,302583.4999999992
2023-12-28,5,0,1,4,29560.500000000004,332143.9999999992
2023-12-29,2,1,0,0,28040.000000000007,360183.9999999992
2024-01-01,0,0,0,0,0.0,360183.9999999992
2024-01-02,0,0,0,0,0.0,360183.9999999992
2024-01-03,0,0,0,0,0.0,360183.9999999992
2024-01-04,0,0,0,0,0.0,360183.9999999992
2024-01-05,0,0,0,0,0.0,360183.9999999992
2024-01-08,0,0,0,0,0.0,360183.9999999992
2024-01-09,0,0,0,0,0.0,360183.9999999992
2024-01-10,0,0,0,0,0.0,360183.9999999992
2024-01-11,0,0,0,0,0.0,360183.9999999992
2024-01-12,1,0,1,0,-5712.000000000012,354471.9999999992
2024-01-15,1,0,1,0,-9539.999999999985,344931.9999999992
2024-01-16,2,0,1,0,-5565.000000000009,339366.9999999992
2024-01-17,3,0,1,0,-8108.999999999992,331257.9999999992
2024-01-18,1,0,0,0,0.0,331257.9999999992
2024-01-19,0,0,0,0,0.0,331257.9999999992
2024-01-22,0,0,0,0,0.0,331257.9999999992
2024-01-23,0,0,0,0,0.0,331257.9999999992
2024-01-24,1,0,0,0,0.0,331257.9999999992
2024-01-25,0,0,0,0,0.0,331257.9999999992
2024-01-26,0,0,0,0,0.0,331257.9999999992
2024-01-29,0,0,0,0,0.0,331257.9999999992
2024-01-30,2,0,0,1,0.0,331257.9999999992
2024-01-31,2,0,1,0,-7548.000000000002,323709.9999999992
2024-02-01,2,0,0,0,0.0,323709.9999999992
2024-02-02,2,0,0,0,0.0,323709.9999999992
2024-02-05,4,0,2,0,-17100.0,306609.9999999992
2024-02-06,5,1,1,2,-680.0000000000182,305929.9999999992
2024-02-07,1,0,0,0,0.0,305929.9999999992
2024-02-08,1,0,0,0,0.0,305929.9999999992
2024-02-09,5,0,1,1,-7890.000000000015,298039.9999999992
2024-02-12,0,0,0,0,0.0,298039.9999999992
2024-02-13,5,0,2,0,-15180.000000000018,282859.9999999992
2024-02-14,5,0,0,2,5400.0,288259.9999999992
2024-02-15,5,0,1,1,-6661.500000000024,281598.4999999992
2024-02-16,1,1,0,0,3500.0,285098.4999999992
2024-02-19,1,0,1,0,-7355.9999999999945,277742.4999999992
2024-02-20,0,0,0,0,0.0,277742.4999999992
2024-02-21,2,0,0,0,0.0,277742.4999999992
2024-02-22,1,0,0,1,6500.0,284242.4999999992
2024-02-23,0,0,0,0,0.0,284242.4999999992
2024-02-26,0,0,0,0,0.0,284242.4999999992
2024-02-27,0,0,0,0,0.0,284242.4999999992
2024-02-28,2,0,0,1,-4550.0,279692.4999999992
2024-02-29,0,0,0,0,0.0,279692.4999999992
2024-03-01,0,0,0,0,0.0,279692.4999999992
2024-03-04,0,0,0,0,0.0,279692.4999999992
2024-03-05,0,0,0,0,0.0,279692.4999999992
2024-03-06,0,0,0,0,0.0,279692.4999999992
2024-03-07,0,0,0,0,0.0,279692.4999999992
2024-03-08,0,0,0,0,0.0,279692.4999999992
2024-03-11,4,0,0,2,4600.0,284292.4999999992
2024-03-12,0,0,0,0,0.0,284292.4999999992
2024-03-13,0,0,0,0,0.0,284292.4999999992
2024-03-14,1,0,0,0,0.0,284292.4999999992
2024-03-15,1,0,0,1,0.0,284292.4999999992
2024-03-18,0,0,0,0,0.0,284292.4999999992
2024-03-19,0,0,0,0,0.0,284292.4999999992
2024-03-20,0,0,0,0,0.0,284292.4999999992
2024-03-21,0,0,0,0,0.0,284292.4999999992
2024-03-22,0,0,0,0,0.0,284292.4999999992
2024-03-25,1,0,0,0,0.0,284292.4999999992
2024-03-26,0,0,0,0,0.0,284292.4999999992
2024-03-27,0,0,0,0,0.0,284292.4999999992
2024-03-28,5,1,0,1,8800.0,293092.4999999992
2024-03-29,0,0,0,0,0.0,293092.4999999992
2024-04-01,1,0,0,1,0.0,293092.4999999992
2024-04-02,5,0,0,0,0.0,293092.4999999992
2024-04-03,2,0,0,0,0.0,293092.4999999992
2024-04-04,0,0,0,0,0.0,293092.4999999992
2024-04-05,0,0,0,0,0.0,293092.4999999992
2024-04-08,0,0,0,0,0.0,293092.4999999992
2024-04-09,1,0,0,0,0.0,293092.4999999992
2024-04-10,0,0,0,0,0.0,293092.4999999992
2024-04-11,1,0,0,0,0.0,293092.4999999992
2024-04-12,2,0,0,1,3600.0,296692.4999999992
2024-04-15,0,0,0,0,0.0,296692.4999999992
2024-04-16,5,0,1,3,-5895.000000000005,290797.4999999992
2024-04-17,0,0,0,0,0.0,290797.4999999992
2024-04-18,0,0,0,0,0.0,290797.4999999992
2024-04-19,5,2,0,1,7200.0,297997.4999999992
2024-04-22,2,0,0,0,0.0,297997.4999999992
2024-04-23,0,0,0,0,0.0,297997.4999999992
2024-04-24,0,0,0,0,0.0,297997.4999999992
2024-04-25,2,0,0,1,0.0,297997.4999999992
2024-04-26,3,0,1,0,-8400.0,289597.4999999992
2024-04-29,0,0,0,0,0.0,289597.4999999992
2024-04-30,2,0,1,0,-4995.000000000005,284602.4999999992
2024-05-01,2,0,0,1,0.0,284602.4999999992
2024-05-02,0,0,0,0,0.0,284602.4999999992
2024-05-03,0,0,0,0,0.0,284602.4999999992
2024-05-06,0,0,0,0,0.0,284602.4999999992
2024-05-07,0,0,0,0,0.0,284602.4999999992
2024-05-08,2,0,0,1,719.9999999999932,285322.4999999992
2024-05-09,4,0,0,0,0.0,285322.4999999992
2024-05-10,3,0,0,2,4700.0,290022.4999999992
2024-05-13,5,0,0,1,800.0,290822.4999999992
2024-05-14,5,0,2,0,-12455.999999999995,278366.4999999992
2024-05-15,5,1,0,1,6500.0,284866.4999999992
2024-05-16,5,0,0,1,1500.0,286366.4999999992
2024-05-17,0,0,0,0,0.0,286366.4999999992
2024-05-20,0,0,0,0,0.0,286366.4999999992
2024-05-21,1,0,0,0,0.0,286366.4999999992
2024-05-22,0,0,0,0,0.0,286366.4999999992
2024-05-23,0,0,0,0,0.0,286366.4999999992
2024-05-24,0,0,0,0,0.0,286366.4999999992
2024-05-27,0,0,0,0,0.0,286366.4999999992
2024-05-28,1,0,0,0,0.0,286366.4999999992
2024-05-29,2,0,0,1,1600.0,287966.4999999992
2024-05-30,3,0,0,0,0.0,287966.4999999992
2024-05-31,2,0,0,0,0.0,287966.4999999992
2024-06-03,0,0,0,0,0.0,287966.4999999992
2024-06-04,0,0,0,0,0.0,287966.4999999992
2024-06-05,3,0,0,0,0.0,287966.4999999992
2024-06-06,0,0,0,0,0.0,287966.4999999992
2024-06-07,0,0,0,0,0.0,287966.4999999992
2024-06-10,0,0,0,0,0.0,287966.4999999992
2024-06-11,0,0,0,0,0.0,287966.4999999992
2024-06-12,1,0,0,0,0.0,287966.4999999992
2024-06-13,2,0,0,0,0.0,287966.4999999992
2024-06-14,0,0,0,0,0.0,287966.4999999992
2024-06-17,2,0,0,0,0.0,287966.4999999992
2024-06-18,0,0,0,0,0.0,287966.4999999992
2024-06-19,2,0,0,0,0.0,287966.4999999992
2024-06-20,2,0,0,1,7900.0,295866.4999999992
2024-06-21,0,0,0,0,0.0,295866.4999999992
2024-06-24,1,0,0,1,5000.0,300866.4999999992
2024-06-25,0,0,0,0,0.0,300866.4999999992
2024-06-26,2,0,0,1,0.0,300866.4999999992
2024-06-27,1,0,0,0,0.0,300866.4999999992
2024-06-28,1,0,0,1,7600.0,308466.4999999992
2024-07-01,1,0,0,0,0.0,308466.4999999992
2024-07-02,0,0,0,0,0.0,308466.4999999992
2024-07-03,0,0,0,0,0.0,308466.4999999992
2024-07-04,0,0,0,0,0.0,308466.4999999992
2024-07-05,1,0,0,1,-2000.0,306466.4999999992
2024-07-08,0,0,0,0,0.0,306466.4999999992
2024-07-09,1,0,0,0,0.0,306466.4999999992
2024-07-10,0,0,0,0,0.0,306466.4999999992
2024-07-11,1,0,0,0,0.0,306466.4999999992
2024-07-12,0,0,0,0,0.0,306466.4999999992
2024-07-15,0,0,0,0,0.0,306466.4999999992
2024-07-16,0,0,0,0,0.0,306466.4999999992
2024-07-17,1,0,0,1,0.0,306466.4999999992
2024-07-18,2,0,0,0,0.0,306466.4999999992
2024-07-19,0,0,0,0,0.0,306466.4999999992
2024-07-22,3,0,0,0,0.0,306466.4999999992
2024-07-23,0,0,0,0,0.0,306466.4999999992
2024-07-24,5,0,0,3,10200.0,316666.4999999992
2024-07-25,5,0,0,1,0.0,316666.4999999992
2024-07-26,3,0,0,1,12500.0,329166.4999999992
2024-07-29,2,0,0,0,0.0,329166.4999999992
2024-07-30,1,0,0,0,0.0,329166.4999999992
2024-07-31,3,0,0,0,0.0,329166.4999999992
2024-08-01,5,0,4,0,-25845.00000000005,303321.4999999992
2024-08-02,5,0,0,0,0.0,303321.4999999992
2024-08-05,5,1,0,0,29419.99999999998,332741.4999999992
2024-08-06,3,0,0,0,0.0,332741.4999999992
2024-08-07,2,0,0,1,5100.0,337841.4999999992
2024-08-08,4,1,1,1,-2999.9999999999773,334841.4999999992
2024-08-09,3,1,0,1,11000.0,345841.4999999992
2024-08-12,0,0,0,0,0.0,345841.4999999992
2024-08-13,2,1,0,0,3800.0,349641.4999999992
2024-08-14,2,0,1,0,-10044.000000000005,339597.4999999992
2024-08-15,0,0,0,0,0.0,339597.4999999992
2024-08-16,0,0,0,0,0.0,339597.4999999992
2024-08-19,0,0,0,0,0.0,339597.4999999992
2024-08-20,0,0,0,0,0.0,339597.4999999992
2024-08-21,1,0,0,0,0.0,339597.4999999992
2024-08-22,0,0,0,0,0.0,339597.4999999992
2024-08-23,0,0,0,0,0.0,339597.4999999992
2024-08-26,0,0,0,0,0.0,339597.4999999992
2024-08-27,0,0,0,0,0.0,339597.4999999992
2024-08-28,1,0,1,0,-8369.999999999993,331227.4999999992
2024-08-29,2,0,0,0,0.0,331227.4999999992
2024-08-30,0,0,0,0,0.0,331227.4999999992
2024-09-02,0,0,0,0,0.0,331227.4999999992
2024-09-03,0,0,0,0,0.0,331227.4999999992
2024-09-04,5,0,0,0,0.0,331227.4999999992
2024-09-05,0,0,0,0,0.0,331227.4999999992
2024-09-06,1,0,0,0,0.0,331227.4999999992
2024-09-09,1,0,0,0,0.0,331227.4999999992
2024-09-10,3,0,2,1,-8211.000000000013,323016.4999999992
2024-09-11,5,0,0,1,0.0,323016.4999999992
2024-09-12,0,0,0,0,0.0,323016.4999999992
2024-09-13,0,0,0,0,0.0,323016.4999999992
2024-09-16,0,0,0,0,0.0,323016.4999999992
2024-09-17,2,0,0,1,5000.0,328016.4999999992
2024-09-18,0,0,0,0,0.0,328016.4999999992
2024-09-19,0,0,0,0,0.0,328016.4999999992
2024-09-20,0,0,0,0,0.0,328016.4999999992
2024-09-23,0,0,0,0,0.0,328016.4999999992
2024-09-24,0,0,0,0,0.0,328016.4999999992
2024-09-25,1,0,0,0,0.0,328016.4999999992
2024-09-26,0,0,0,0,0.0,328016.4999999992
2024-09-27,4,0,1,3,-5665.999999999985,322350.4999999992
2024-09-30,2,0,0,1,-5200.0,317150.4999999992
2024-10-01,0,0,0,0,0.0,317150.4999999992
2024-10-02,3,0,0,0,0.0,317150.4999999992
2024-10-03,0,0,0,0,0.0,317150.4999999992
2024-10-04,0,0,0,0,0.0,317150.4999999992
2024-10-07,0,0,0,0,0.0,317150.4999999992
2024-10-08,1,1,0,0,36239.99999999999,353390.4999999992
2024-10-09,0,0,0,0,0.0,353390.4999999992
2024-10-10,0,0,0,0,0.0,353390.4999999992
2024-10-11,0,0,0,0,0.0,353390.4999999992
2024-10-14,0,0,0,0,0.0,353390.4999999992
2024-10-15,1,0,0,0,0.0,353390.4999999992
2024-10-16,1,0,1,0,-6050.999999999999,347339.4999999992
2024-10-17,0,0,0,0,0.0,347339.4999999992
2024-10-18,1,0,0,0,0.0,347339.4999999992
2024-10-21,0,0,0,0,0.0,347339.4999999992
2024-10-22,3,0,1,0,-9954.000000000018,337385.4999999992
2024-10-23,3,0,0,0,0.0,337385.4999999992
2024-10-24,1,0,0,0,0.0,337385.4999999992
2024-10-25,3,0,0,0,0.0,337385.4999999992
2024-10-28,1,0,1,0,-9468.00000000003,327917.4999999992
2024-10-29,4,0,0,4,0.0,327917.4999999992
2024-10-30,1,0,0,0,0.0,327917.4999999992
2024-10-31,1,0,0,1,7300.0,335217.4999999992
2024-11-01,5,1,0,0,10380.000000000018,345597.4999999992
2024-11-04,0,0,0,0,0.0,345597.4999999992
2024-11-05,2,0,0,0,0.0,345597.4999999992
2024-11-06,1,0,0,0,0.0,345597.4999999992
2024-11-07,2,0,1,0,-8517.000000000007,337080.4999999992
2024-11-08,5,1,0,1,13459.999999999993,350540.4999999992
2024-11-11,5,0,0,1,-8400.0,342140.4999999992
2024-11-12,4,0,0,0,0.0,342140.4999999992
2024-11-13,5,0,1,0,-7440.000000000009,334700.4999999992
2024-11-14,5,0,0,0,0.0,334700.4999999992
2024-11-15,2,0,1,0,-8834.99999999999,325865.4999999992
2024-11-18,2,0,0,0,0.0,325865.4999999992
2024-11-19,0,0,0,0,0.0,325865.4999999992
2024-11-20,1,0,0,0,0.0,325865.4999999992
2024-11-21,0,0,0,0,0.0,325865.4999999992
2024-11-22,1,0,0,0,0.0,325865.4999999992
2024-11-25,0,0,0,0,0.0,325865.4999999992
2024-11-26,1,0,0,0,0.0,325865.4999999992
2024-11-27,1,0,0,0,0.0,325865.4999999992
2024-11-28,0,0,0,0,0.0,325865.4999999992
2024-11-29,0,0,0,0,0.0,325865.4999999992
2024-12-02,2,0,0,0,0.0,325865.4999999992
2024-12-03,0,0,0,0,0.0,325865.4999999992
2024-12-04,2,0,1,0,-9116.999999999996,316748.4999999992
2024-12-05,0,0,0,0,0.0,316748.4999999992
2024-12-06,0,0,0,0,0.0,316748.4999999992
2024-12-09,0,0,0,0,0.0,316748.4999999992
2024-12-10,0,0,0,0,0.0,316748.4999999992
2024-12-11,1,0,0,0,0.0,316748.4999999992
2024-12-12,0,0,0,0,0.0,316748.4999999992
2024-12-13,1,0,0,0,0.0,316748.4999999992
2024-12-16,4,0,1,0,-8340.00000000001,308408.4999999992
2024-12-17,2,0,0,0,0.0,308408.4999999992
2024-12-18,1,0,0,0,0.0,308408.4999999992
2024-12-19,0,0,0,0,0.0,308408.4999999992
2024-12-20,1,0,0,1,5000.0,313408.4999999992
2024-12-23,1,0,0,0,0.0,313408.4999999992
2024-12-24,0,0,0,0,0.0,313408.4999999992
2024-12-25,0,0,0,0,0.0,313408.4999999992
2024-12-26,0,0,0,0,0.0,313408.4999999992
2024-12-27,1,0,0,1,1550.0,314958.4999999992
2024-12-30,1,0,0,0,0.0,314958.4999999992
2024-12-31,0,0,0,0,0.0,314958.4999999992
2025-01-01,0,0,0,0,0.0,314958.4999999992
2025-01-02,0,0,0,0,0.0,314958.4999999992
2025-01-03,0,0,0,0,0.0,314958.4999999992
2025-01-06,2,0,1,0,-4866.000000000008,310092.4999999992
2025-01-07,1,0,0,0,0.0,310092.4999999992
2025-01-08,0,0,0,0,0.0,310092.4999999992
2025-01-09,1,0,1,0,-4785.000000000014,305307.4999999992
2025-01-10,4,0,1,2,-9094.000000000005,296213.4999999992
2025-01-13,0,0,0,0,0.0,296213.4999999992
2025-01-14,3,0,1,1,-1044.9999999999927,295168.4999999992
2025-01-15,0,0,0,0,0.0,295168.4999999992
2025-01-16,0,0,0,0,0.0,295168.4999999992
2025-01-17,0,0,0,0,0.0,295168.4999999992
2025-01-20,0,0,0,0,0.0,295168.4999999992
2025-01-21,1,0,0,1,4400.0,299568.4999999992
2025-01-22,0,0,0,0,0.0,299568.4999999992
2025-01-23,1,0,0,1,6800.0,306368.4999999992
2025-01-24,1,0,0,1,1919.9999999999932,308288.4999999992
2025-01-27,1,0,0,0,0.0,308288.4999999992
2025-01-28,2,0,0,0,0.0,308288.4999999992
2025-01-29,0,0,0,0,0.0,308288.4999999992
2025-01-30,1,0,0,0,0.0,308288.4999999992
2025-01-31,0,0,0,0,0.0,308288.4999999992
2025-02-03,5,0,0,2,-1500.0,306788.4999999992
2025-02-04,3,0,0,0,0.0,306788.4999999992
2025-02-05,1,0,0,0,0.0,306788.4999999992
2025-02-06,0,0,0,0,0.0,306788.4999999992
2025-02-07,2,0,1,1,-6275.999999999999,300512.4999999992
2025-02-10,1,0,0,1,-3200.0,297312.4999999992
2025-02-11,0,0,0,0,0.0,297312.4999999992
2025-02-12,2,0,0,0,0.0,297312.4999999992
2025-02-13,1,0,0,0,0.0,297312.4999999992
2025-02-14,4,0,0,2,0.0,297312.4999999992
2025-02-17,4,0,0,0,0.0,297312.4999999992
2025-02-18,0,0,0,0,0.0,297312.4999999992
2025-02-19,1,0,1,0,-5613.000000000011,291699.4999999992
2025-02-20,0,0,0,0,0.0,291699.4999999992
2025-02-21,1,0,0,0,0.0,291699.4999999992
2025-02-24,0,0,0,0,0.0,291699.4999999992
2025-02-25,0,0,0,0,0.0,291699.4999999992
2025-02-26,1,0,1,0,-5129.999999999995,286569.4999999992
2025-02-27,3,0,0,2,-900.0,285669.4999999992
2025-02-28,1,0,0,0,0.0,285669.4999999992
2025-03-03,0,0,0,0,0.0,285669.4999999992
2025-03-04,1,0,0,0,0.0,285669.4999999992
2025-03-05,0,0,0,0,0.0,285669.4999999992
2025-03-06,0,0,0,0,0.0,285669.4999999992
2025-03-07,1,0,0,1,0.0,285669.4999999992
2025-03-10,1,0,0,0,0.0,285669.4999999992
2025-03-11,1,1,0,0,5340.000000000009,291009.4999999992
2025-03-12,0,0,0,0,0.0,291009.4999999992
2025-03-13,0,0,0,0,0.0,291009.4999999992
2025-03-14,0,0,0,0,0.0,291009.4999999992
2025-03-17,0,0,0,0,0.0,291009.4999999992
2025-03-18,1,0,0,0,0.0,291009.4999999992
2025-03-19,0,0,0,0,0.0,291009.4999999992
2025-03-20,0,0,0,0,0.0,291009.4999999992
2025-03-21,0,0,0,0,0.0,291009.4999999992
2025-03-24,0,0,0,0,0.0,291009.4999999992
2025-03-25,0,0,0,0,0.0,291009.4999999992
2025-03-26,0,0,0,0,0.0,291009.4999999992
2025-03-27,1,0,0,0,0.0,291009.4999999992
2025-03-28,5,0,0,2,5100.0,296109.4999999992
2025-03-31,5,0,1,0,-5879.999999999995,290229.4999999992
2025-04-01,3,0,1,0,-4785.000000000014,285444.4999999992
2025-04-02,2,0,1,0,-8236.200000000013,277208.2999999992
2025-04-03,5,0,0,0,0.0,277208.2999999992
2025-04-04,5,0,0,2,15600.0,292808.2999999992
2025-04-07,5,1,0,0,5200.0,298008.2999999992
2025-04-08,0,0,0,0,0.0,298008.2999999992
2025-04-09,5,0,0,1,0.0,298008.2999999992
2025-04-10,1,0,0,0,0.0,298008.2999999992
2025-04-11,5,0,0,2,0.0,298008.2999999992
2025-04-14,0,0,0,0,0.0,298008.2999999992
2025-04-15,0,0,0,0,0.0,298008.2999999992
2025-04-16,0,0,0,0,0.0,298008.2999999992
2025-04-17,0,0,0,0,0.0,298008.2999999992
2025-04-18,0,0,0,0,0.0,298008.2999999992
2025-04-21,0,0,0,0,0.0,298008.2999999992
2025-04-22,0,0,0,0,0.0,298008.2999999992
2025-04-23,0,0,0,0,0.0,298008.2999999992
2025-04-24,0,0,0,0,0.0,298008.2999999992
2025-04-25,0,0,0,0,0.0,298008.2999999992
2025-04-28,1,0,1,0,-8490.00000000001,289518.2999999992
2025-04-29,0,0,0,0,0.0,289518.2999999992
2025-04-30,3,0,0,1,2400.0,291918.2999999992
2025-05-01,0,0,0,0,0.0,291918.2999999992
2025-05-02,0,0,0,0,0.0,291918.2999999992
2025-05-05,0,0,0,0,0.0,291918.2999999992
2025-05-06,0,0,0,0,0.0,291918.2999999992
2025-05-07,0,0,0,0,0.0,291918.2999999992
2025-05-08,1,0,0,1,0.0,291918.2999999992
2025-05-09,1,0,1,0,-4885.500000000002,287032.7999999992
2025-05-12,2,0,0,1,0.0,287032.7999999992
2025-05-13,0,0,0,0,0.0,287032.7999999992
2025-05-14,4,0,0,1,-3500.0,283532.7999999992
2025-05-15,5,0,1,0,-6930.000000000007,276602.7999999992
2025-05-16,3,0,0,0,0.0,276602.7999999992
2025-05-19,0,0,0,0,0.0,276602.7999999992
2025-05-20,1,0,0,0,0.0,276602.7999999992
2025-05-21,0,0,0,0,0.0,276602.7999999992
2025-05-22,0,0,0,0,0.0,276602.7999999992
2025-05-23,0,0,0,0,0.0,276602.7999999992
2025-05-26,1,0,0,0,0.0,276602.7999999992
2025-05-27,0,0,0,0,0.0,276602.7999999992
2025-05-28,0,0,0,0,0.0,276602.7999999992
2025-05-29,1,0,0,0,0.0,276602.7999999992
2025-05-30,0,0,0,0,0.0,276602.7999999992
2025-06-02,2,0,0,1,6400.0,283002.7999999992
2025-06-03,0,0,0,0,0.0,283002.7999999992
2025-06-04,0,0,0,0,0.0,283002.7999999992
2025-06-05,0,0,0,0,0.0,283002.7999999992
2025-06-06,1,0,0,0,0.0,283002.7999999992
