trade_id,signal_date,buy_date,sell_date,ticker,quantity,buy_price,sell_price,trade_type,strategy,result,pl,score,technicals,fundamentals,gpt_summary,gpt_decision,news_url,reason,take_profit,stop_loss,logged_at
1,2025-02-27,2025-02-28,2025-03-04,24130,100,1791.5,1791.0,BOUGHT,mean_reversion,TIMEOUT,-50.0,63.0,"{""rsi_14"": 0.0, ""ma5"": NaN, ""ma25"": NaN, ""volume"": 9615400.0, ""volume_spike"": 0.9445104761156351}","{""eps"": 59.62, ""eps_yoy"": -0.10587882421927446, ""profit"": 40484000000.0, ""profit_yoy"": -0.1057409820856619, ""revenue"": 284900000000.0, ""revenue_yoy"": 0.1926340509789311, ""eps_negative_years"": 0, ""profit_down_years"": 1}",,,,no_news,,1737.7549999999999,2025-06-07 22:54:17
2,2025-02-27,2025-02-28,2025-03-04,35460,100,1043.0,1039.0,BOUGHT,mean_reversion,TIMEOUT,-400.0,58.2,"{""rsi_14"": 0.0, ""ma5"": NaN, ""ma25"": NaN, ""volume"": 216900.0, ""volume_spike"": 0.7407786885245902}","{""eps"": 69.39, ""eps_yoy"": -0.11796110332808428, ""profit"": 2088000000.0, ""profit_yoy"": -0.11973018549747048, ""revenue"": 153345000000.0, ""revenue_yoy"": 0.02424606752830378, ""eps_negative_years"": 0, ""profit_down_years"": 0}",,,,no_news,,1011.7099999999999,2025-06-07 22:54:17
3,2025-02-27,2025-02-28,2025-03-04,31980,100,2050.0,2049.0,BOUGHT,mean_reversion,TIMEOUT,-100.0,56.4,"{""rsi_14"": 0.0, ""ma5"": NaN, ""ma25"": NaN, ""volume"": 176000.0, ""volume_spike"": 1.4113873295910184}","{""eps"": 65.15, ""eps_yoy"": -0.08239436618557819, ""profit"": 1485000000.0, ""profit_yoy"": -0.14211438474870017, ""revenue"": 30389000000.0, ""revenue_yoy"": 0.045049692217751645, ""eps_negative_years"": 0, ""profit_down_years"": 0}",,,,slightly_bad_news,,1988.5,2025-06-07 22:54:17
4,2025-02-28,2025-03-03,2025-03-04,65250,100,3052.0,2960.44,BOUGHT,mean_reversion,SL,-9155.999999999995,100.0,"{""rsi_14"": 0.0, ""ma5"": NaN, ""ma25"": NaN, ""volume"": 12669400.0, ""volume_spike"": 2.807965513802236}","{""eps"": 154.6, ""eps_yoy"": 0.5967775252430514, ""profit"": 36004000000.0, ""profit_yoy"": 0.6091892375078216, ""revenue"": 238933000000.0, ""revenue_yoy"": 0.3212543823753857, ""eps_negative_years"": 0, ""profit_down_years"": 1}",,,,no_news,,2960.44,2025-06-07 22:54:34
5,2025-02-28,2025-03-03,2025-03-05,268A0,100,1086.0,1053.42,BOUGHT,mean_reversion,SL,-3257.9999999999927,87.4,"{""rsi_14"": 26.530612217825905, ""ma5"": NaN, ""ma25"": NaN, ""volume"": 3725900.0, ""volume_spike"": 2.8271492525988315}","{""error"": ""Not enough FY data""}",,,,slightly_bad_news,,1053.42,2025-06-07 22:54:34
6,2025-02-28,2025-03-03,2025-03-04,66200,100,1201.0,1164.97,BOUGHT,mean_reversion,SL,-3602.9999999999973,61.9,"{""rsi_14"": 0.0, ""ma5"": NaN, ""ma25"": NaN, ""volume"": 63300.0, ""volume_spike"": 1.2448377581120944}","{""eps"": 9.14, ""eps_yoy"": -0.31791044752394737, ""profit"": 365000000.0, ""profit_yoy"": -0.31902985074626866, ""revenue"": 1030000000.0, ""revenue_yoy"": -0.09410729991204925, ""eps_negative_years"": 0, ""profit_down_years"": 1}",,,,no_news,,1164.97,2025-06-07 22:54:34
7,2025-03-04,2025-03-05,2025-03-06,65250,100,2860.0,2774.2,BOUGHT,mean_reversion,SL,-8580.000000000018,78.2,"{""rsi_14"": 0.0, ""ma5"": 3091.5, ""ma25"": NaN, ""volume"": 4195200.0, ""volume_spike"": 0.6742607794211598}","{""eps"": 154.6, ""eps_yoy"": 0.5967775252430514, ""profit"": 36004000000.0, ""profit_yoy"": 0.6091892375078216, ""revenue"": 238933000000.0, ""revenue_yoy"": 0.3212543823753857, ""eps_negative_years"": 0, ""profit_down_years"": 1}",,,,no_news,3091.5,2774.2,2025-06-07 22:54:53
8,2025-03-04,2025-03-05,2025-03-05,72200,100,2576.0,2609.6,BOUGHT,mean_reversion,TP,3359.999999999991,70.8,"{""rsi_14"": 19.893846712408077, ""ma5"": 2609.6, ""ma25"": NaN, ""volume"": 1626100.0, ""volume_spike"": 1.2479901763272512}","{""eps"": 118.8, ""eps_yoy"": -0.020125371162972156, ""profit"": 7782000000.0, ""profit_yoy"": -0.017548289357404368, ""revenue"": 347196000000.0, ""revenue_yoy"": -0.007776129767916392, ""eps_negative_years"": 0, ""profit_down_years"": 1}",,,,no_news,2609.6,2498.72,2025-06-07 22:54:53
9,2025-03-07,2025-03-10,2025-03-11,72200,100,2530.0,2454.1,BOUGHT,mean_reversion,SL,-7590.000000000009,65.1,"{""rsi_14"": 29.026846223668073, ""ma5"": 2603.2, ""ma25"": NaN, ""volume"": 1099600.0, ""volume_spike"": 0.907603056315442}","{""eps"": 118.8, ""eps_yoy"": -0.020125371162972156, ""profit"": 7782000000.0, ""profit_yoy"": -0.017548289357404368, ""revenue"": 347196000000.0, ""revenue_yoy"": -0.007776129767916392, ""eps_negative_years"": 0, ""profit_down_years"": 1}",,,,no_news,2603.2,2454.1,2025-06-07 22:55:24
10,2025-03-11,2025-03-12,2025-03-12,262A0,100,1621.0,1674.4,BOUGHT,mean_reversion,TP,5340.000000000009,61.8,"{""rsi_14"": 28.539375108283195, ""ma5"": 1674.4, ""ma25"": NaN, ""volume"": 443400.0, ""volume_spike"": 0.7561964678238461}","{""error"": ""Not enough FY data""}",,,,no_news,1674.4,1572.37,2025-06-07 22:55:41
11,2025-03-27,2025-03-28,2025-03-31,40040,100,3115.0,3021.5499999999997,BOUGHT,mean_reversion,SL,-9345.000000000027,100.0,"{""rsi_14"": 29.158852205495705, ""ma5"": 3401.2, ""ma25"": NaN, ""volume"": 2391100.0, ""volume_spike"": 2.555030774491366}","{""eps"": 406.61, ""eps_yoy"": 4.885427615395564, ""profit"": 73503000000.0, ""profit_yoy"": 4.877763123186495, ""revenue"": 1391480000000.0, ""revenue_yoy"": 0.07961321127282912, ""eps_negative_years"": 1, ""profit_down_years"": 1}",,,,slightly_bad_news,3401.2,3021.5499999999997,2025-06-07 22:57:07
12,2025-03-28,2025-03-31,2025-03-31,40040,100,3069.0,2976.93,BOUGHT,mean_reversion,SL,-9207.000000000016,100.0,"{""rsi_14"": 20.1759887633703, ""ma5"": 3330.4, ""ma25"": NaN, ""volume"": 3596100.0, ""volume_spike"": 3.6088210943576104}","{""eps"": 406.61, ""eps_yoy"": 4.885427615395564, ""profit"": 73503000000.0, ""profit_yoy"": 4.877763123186495, ""revenue"": 1391480000000.0, ""revenue_yoy"": 0.07961321127282912, ""eps_negative_years"": 1, ""profit_down_years"": 1}",,,,slightly_bad_news,3330.4,2976.93,2025-06-07 22:57:26
13,2025-03-28,2025-03-31,2025-04-02,80430,100,935.0,960.0,BOUGHT,mean_reversion,TIMEOUT,2500.0,100.0,"{""rsi_14"": 2.966462090578588, ""ma5"": 2484.6, ""ma25"": NaN, ""volume"": 332000.0, ""volume_spike"": 1.9504171072729408}","{""eps"": 208.87, ""eps_yoy"": -0.45976773658382, ""profit"": 12197000000.0, ""profit_yoy"": 0.6236687965921193, ""revenue"": 436112000000.0, ""revenue_yoy"": 0.062304218408219536, ""eps_negative_years"": 0, ""profit_down_years"": 1}",,,,no_news,2484.6,906.9499999999999,2025-06-07 22:57:26
14,2025-03-28,2025-03-31,2025-04-02,65390,100,960.0,952.0,BOUGHT,mean_reversion,TIMEOUT,-800.0,87.9,"{""rsi_14"": 17.499047746274343, ""ma5"": 1001.4, ""ma25"": NaN, ""volume"": 236200.0, ""volume_spike"": 2.1879486823213377}","{""eps"": 41.53, ""eps_yoy"": -0.0852422907301228, ""profit"": 1032000000.0, ""profit_yoy"": -0.08994708994708994, ""revenue"": 7474000000.0, ""revenue_yoy"": 0.6340183646698732, ""eps_negative_years"": 0, ""profit_down_years"": 1}",,,,no_news,1001.4,931.1999999999999,2025-06-07 22:57:26
15,2025-03-31,2025-04-01,2025-04-03,40040,100,3070.0,2977.9,BOUGHT,mean_reversion,SL,-9209.99999999999,100.0,"{""rsi_14"": 14.805182764957209, ""ma5"": 3234.6, ""ma25"": NaN, ""volume"": 3388100.0, ""volume_spike"": 3.008275176247048}","{""eps"": 406.61, ""eps_yoy"": 4.885427615395564, ""profit"": 73503000000.0, ""profit_yoy"": 4.877763123186495, ""revenue"": 1391480000000.0, ""revenue_yoy"": 0.07961321127282912, ""eps_negative_years"": 1, ""profit_down_years"": 1}",,,,slightly_bad_news,3234.6,2977.9,2025-06-07 22:57:56
16,2025-03-31,2025-04-01,2025-04-01,97420,100,1681.0,1630.57,BOUGHT,mean_reversion,SL,-5043.000000000006,100.0,"{""rsi_14"": 29.730218162157158, ""ma5"": 1770.2, ""ma25"": NaN, ""volume"": 61300.0, ""volume_spike"": 2.4417446723760206}","{""eps"": 117.13, ""eps_yoy"": 0.3567705316394335, ""profit"": 2436000000.0, ""profit_yoy"": 0.3571030640668524, ""revenue"": 40563000000.0, ""revenue_yoy"": 0.00014793993638582736, ""eps_negative_years"": 0, ""profit_down_years"": 1}",,,,no_news,1770.2,1630.57,2025-06-07 22:57:56
17,2025-03-31,2025-04-01,2025-04-01,99600,100,2480.0,2405.6,BOUGHT,mean_reversion,SL,-7440.000000000009,97.0,"{""rsi_14"": 29.984959292312993, ""ma5"": 2589.2, ""ma25"": NaN, ""volume"": 124500.0, ""volume_spike"": 1.6025228472132835}","{""eps"": 272.06, ""eps_yoy"": 0.5969711199461744, ""profit"": 11194000000.0, ""profit_yoy"": 0.5982295830953741, ""revenue"": 155958000000.0, ""revenue_yoy"": 0.10819145610095784, ""eps_negative_years"": 0, ""profit_down_years"": 1}",,,,no_news,2589.2,2405.6,2025-06-07 22:57:56
18,2025-03-31,2025-04-01,2025-04-03,65250,100,2400.0,2328.0,BOUGHT,mean_reversion,SL,-7200.0,84.4,"{""rsi_14"": 20.323135690165287, ""ma5"": 2676.3, ""ma25"": NaN, ""volume"": 3232800.0, ""volume_spike"": 0.8645549325870191}","{""eps"": 154.6, ""eps_yoy"": 0.5967775252430514, ""profit"": 36004000000.0, ""profit_yoy"": 0.6091892375078216, ""revenue"": 238933000000.0, ""revenue_yoy"": 0.3212543823753857, ""eps_negative_years"": 0, ""profit_down_years"": 1}",,,,no_news,2676.3,2328.0,2025-06-07 22:57:56
19,2025-03-31,2025-04-01,2025-04-02,93320,100,765.0,742.05,BOUGHT,mean_reversion,SL,-2295.0000000000045,63.8,"{""rsi_14"": 24.050582623888857, ""ma5"": 791.6, ""ma25"": NaN, ""volume"": 88000.0, ""volume_spike"": 0.6225460719465177}","{""eps"": 58.92, ""eps_yoy"": 0.018496110627744842, ""profit"": 1935000000.0, ""profit_yoy"": -0.008709016393442622, ""revenue"": 101560000000.0, ""revenue_yoy"": 0.04854529310950051, ""eps_negative_years"": 0, ""profit_down_years"": 0}",,,,misinterpreted_news,791.6,742.05,2025-06-07 22:57:56
20,2025-04-01,2025-04-02,2025-04-03,31820,100,1200.0,1164.0,BOUGHT,mean_reversion,SL,-3600.0,100.0,"{""rsi_14"": 24.51609058585764, ""ma5"": 1349.4, ""ma25"": NaN, ""volume"": 1053400.0, ""volume_spike"": 5.376684360963659}","{""eps"": 103.13, ""eps_yoy"": -0.08231001956911284, ""profit"": 3638000000.0, ""profit_yoy"": -0.11441090555014606, ""revenue"": 256009000000.0, ""revenue_yoy"": 0.7250350385423966, ""eps_negative_years"": 0, ""profit_down_years"": 1}",,,,no_news,1349.4,1164.0,2025-06-07 22:58:10
21,2025-04-01,2025-04-02,2025-04-03,262A0,100,1595.0,1547.1499999999999,BOUGHT,mean_reversion,SL,-4785.000000000014,83.2,"{""rsi_14"": 28.428822228670498, ""ma5"": 1693.0, ""ma25"": NaN, ""volume"": 706700.0, ""volume_spike"": 1.7134821244559748}","{""error"": ""Not enough FY data""}",,,,no_news,1693.0,1547.1499999999999,2025-06-07 22:58:10
22,2025-04-01,2025-04-02,2025-04-02,285A0,100,2330.0,2260.1,BOUGHT,mean_reversion,SL,-6990.000000000009,59.7,"{""rsi_14"": 29.483617600898583, ""ma5"": 2481.2, ""ma25"": NaN, ""volume"": 7514500.0, ""volume_spike"": 0.6172289381764866}","{""error"": ""Not enough FY data""}",,,,no_news,2481.2,2260.1,2025-06-07 22:58:10
23,2025-04-03,2025-04-04,2025-04-04,40040,100,2710.0,2628.7,BOUGHT,mean_reversion,SL,-8130.000000000018,100.0,"{""rsi_14"": 19.36229207310339, ""ma5"": 3002.8, ""ma25"": 3389.84, ""volume"": 2009100.0, ""volume_spike"": 1.5052538912510067}","{""eps"": 406.61, ""eps_yoy"": 4.885427615395564, ""profit"": 73503000000.0, ""profit_yoy"": 4.877763123186495, ""revenue"": 1391480000000.0, ""revenue_yoy"": 0.07961321127282912, ""eps_negative_years"": 1, ""profit_down_years"": 1}",,,,slightly_bad_news,3002.8,2628.7,2025-06-07 22:58:53
24,2025-04-03,2025-04-04,2025-04-04,93690,100,1622.0,1573.34,BOUGHT,mean_reversion,SL,-4866.000000000008,100.0,"{""rsi_14"": 20.47710138046365, ""ma5"": 1748.6, ""ma25"": 1861.44, ""volume"": 113800.0, ""volume_spike"": 1.3488206708545691}","{""eps"": 107.04, ""eps_yoy"": 2.993296088828064, ""profit"": 2660000000.0, ""profit_yoy"": 2.9940029985007497, ""revenue"": 195192000000.0, ""revenue_yoy"": 0.05728074879344806, ""eps_negative_years"": 1, ""profit_down_years"": 1}",,,,no_news,1748.6,1573.34,2025-06-07 22:58:53
25,2025-04-03,2025-04-04,2025-04-04,86240,100,689.0,668.3299999999999,BOUGHT,mean_reversion,SL,-2067.0000000000073,93.2,"{""rsi_14"": 19.653644559779295, ""ma5"": 746.2, ""ma25"": 766.84, ""volume"": 241400.0, ""volume_spike"": 2.5614090933206004}","{""eps"": 47.11, ""eps_yoy"": -0.17510068286200303, ""profit"": 1564000000.0, ""profit_yoy"": -0.18921721099015035, ""revenue"": 18804000000.0, ""revenue_yoy"": -0.0017518713170887085, ""eps_negative_years"": 0, ""profit_down_years"": 1}",,,,no_news,746.2,668.3299999999999,2025-06-07 22:58:53
26,2025-04-03,2025-04-04,2025-04-07,35930,100,4400.0,4268.0,BOUGHT,mean_reversion,SL,-13200.0,72.7,"{""rsi_14"": 14.002586539882813, ""ma5"": 4739.0, ""ma25"": 4832.0, ""volume"": 100300.0, ""volume_spike"": 1.8322981366459627}","{""eps"": 67.98, ""eps_yoy"": -0.41178506529274156, ""profit"": 1520000000.0, ""profit_yoy"": -0.4579172610556348, ""revenue"": 39138000000.0, ""revenue_yoy"": 0.0009718670076726343, ""eps_negative_years"": 0, ""profit_down_years"": 0}",,,,no_news,4739.0,4268.0,2025-06-07 22:58:54
27,2025-04-03,2025-04-04,2025-04-04,285A0,100,1996.0,1936.12,BOUGHT,mean_reversion,SL,-5988.000000000011,72.2,"{""rsi_14"": 25.65583890199592, ""ma5"": 2317.6, ""ma25"": 2655.6, ""volume"": 12457000.0, ""volume_spike"": 1.0863882279016974}","{""error"": ""Not enough FY data""}",,,,no_news,2317.6,1936.12,2025-06-07 22:58:54
28,2025-04-04,2025-04-07,2025-04-07,40040,100,2393.5,2321.6949999999997,BOUGHT,mean_reversion,SL,-7180.500000000029,100.0,"{""rsi_14"": 13.168007569950959, ""ma5"": 2901.2, ""ma25"": 3351.44, ""volume"": 4083100.0, ""volume_spike"": 2.9044775376210614}","{""eps"": 406.61, ""eps_yoy"": 4.885427615395564, ""profit"": 73503000000.0, ""profit_yoy"": 4.877763123186495, ""revenue"": 1391480000000.0, ""revenue_yoy"": 0.07961321127282912, ""eps_negative_years"": 1, ""profit_down_years"": 1}",,,,slightly_bad_news,2901.2,2321.6949999999997,2025-06-07 23:00:15
29,2025-04-04,2025-04-07,2025-04-09,49680,100,919.0,927.0,BOUGHT,mean_reversion,TIMEOUT,800.0,100.0,"{""rsi_14"": 13.547636291753733, ""ma5"": 1063.2, ""ma25"": 1158.24, ""volume"": 64300.0, ""volume_spike"": 3.1831683168316833}","{""eps"": 133.31, ""eps_yoy"": 3.5363394209405747, ""profit"": 2644000000.0, ""profit_yoy"": 3.5374280230326294, ""revenue"": 80236000000.0, ""revenue_yoy"": 0.11096341834897953, ""eps_negative_years"": 1, ""profit_down_years"": 1}",,,,no_news,1063.2,891.43,2025-06-07 23:00:15
30,2025-04-04,2025-04-07,2025-04-09,71980,100,688.0,704.0,BOUGHT,mean_reversion,TIMEOUT,1600.0,100.0,"{""rsi_14"": 11.851000313275094, ""ma5"": 821.6, ""ma25"": 850.76, ""volume"": 452000.0, ""volume_spike"": 6.13630192777627}","{""eps"": 42.98, ""eps_yoy"": 0.09003296979710036, ""profit"": 1904000000.0, ""profit_yoy"": 0.25510876730388926, ""revenue"": 22292000000.0, ""revenue_yoy"": 0.09247733398676795, ""eps_negative_years"": 0, ""profit_down_years"": 1}",,,,no_news,821.6,667.36,2025-06-07 23:00:15
31,2025-04-04,2025-04-07,2025-04-09,70880,100,833.0,929.0,BOUGHT,mean_reversion,TIMEOUT,9600.0,100.0,"{""rsi_14"": 16.919705985542905, ""ma5"": 1006.4, ""ma25"": 1059.36, ""volume"": 253600.0, ""volume_spike"": 2.459032289343547}","{""eps"": 55.08, ""eps_yoy"": 0.398324447728275, ""profit"": 2884000000.0, ""profit_yoy"": 0.41441883276115743, ""revenue"": 34688000000.0, ""revenue_yoy"": 0.10898686019374021, ""eps_negative_years"": 0, ""profit_down_years"": 1}",,,,no_news,1006.4,808.01,2025-06-07 23:00:16
32,2025-04-04,2025-04-07,2025-04-09,78740,100,992.0,1144.0,BOUGHT,mean_reversion,TIMEOUT,15200.0,100.0,"{""rsi_14"": 24.910413452220652, ""ma5"": 1185.6, ""ma25"": 1258.68, ""volume"": 75200.0, ""volume_spike"": 0.9422968485683855}","{""eps"": 52.82, ""eps_yoy"": 1.3095758630041205, ""profit"": 1729000000.0, ""profit_yoy"": 1.1721105527638191, ""revenue"": 66304000000.0, ""revenue_yoy"": 0.09083131796719478, ""eps_negative_years"": 0, ""profit_down_years"": 1}",,,,no_news,1185.6,962.24,2025-06-07 23:00:16
33,2025-04-07,2025-04-08,2025-04-09,40040,100,2376.5,2305.205,BOUGHT,mean_reversion,SL,-7129.500000000007,100.0,"{""rsi_14"": 8.658202829542631, ""ma5"": 2758.0, ""ma25"": 3302.84, ""volume"": 3543700.0, ""volume_spike"": 2.305752832822021}","{""eps"": 406.61, ""eps_yoy"": 4.885427615395564, ""profit"": 73503000000.0, ""profit_yoy"": 4.877763123186495, ""revenue"": 1391480000000.0, ""revenue_yoy"": 0.07961321127282912, ""eps_negative_years"": 1, ""profit_down_years"": 1}",,,,no_news,2758.0,2305.205,2025-06-07 23:01:36
34,2025-04-07,2025-04-08,2025-04-10,93690,100,1530.0,1642.8,BOUGHT,mean_reversion,TP,11279.999999999996,100.0,"{""rsi_14"": 10.722962186404828, ""ma5"": 1642.8, ""ma25"": 1834.96, ""volume"": 109200.0, ""volume_spike"": 1.2188860363879896}","{""eps"": 107.04, ""eps_yoy"": 2.993296088828064, ""profit"": 2660000000.0, ""profit_yoy"": 2.9940029985007497, ""revenue"": 195192000000.0, ""revenue_yoy"": 0.05728074879344806, ""eps_negative_years"": 1, ""profit_down_years"": 1}",,,,no_news,1642.8,1484.1,2025-06-07 23:01:36
35,2025-04-07,2025-04-08,2025-04-08,65250,100,1923.5,1865.7949999999998,BOUGHT,mean_reversion,SL,-5770.5000000000155,100.0,"{""rsi_14"": 9.294029670968882, ""ma5"": 2211.6, ""ma25"": 2748.78, ""volume"": 5439400.0, ""volume_spike"": 1.7359140883052226}","{""eps"": 154.6, ""eps_yoy"": 0.5967775252430514, ""profit"": 36004000000.0, ""profit_yoy"": 0.6091892375078216, ""revenue"": 238933000000.0, ""revenue_yoy"": 0.3212543823753857, ""eps_negative_years"": 0, ""profit_down_years"": 1}",,,,no_news,2211.6,1865.7949999999998,2025-06-07 23:01:36
36,2025-04-07,2025-04-08,2025-04-08,268A0,100,739.0,716.8299999999999,BOUGHT,mean_reversion,SL,-2217.0000000000073,100.0,"{""rsi_14"": 3.3072728491439847, ""ma5"": 830.2, ""ma25"": 999.96, ""volume"": 2458600.0, ""volume_spike"": 2.5234138856529973}","{""error"": ""Not enough FY data""}",,,,no_news,830.2,716.8299999999999,2025-06-07 23:01:36
37,2025-04-07,2025-04-08,2025-04-09,262A0,100,1440.0,1396.8,BOUGHT,mean_reversion,SL,-4320.000000000005,94.0,"{""rsi_14"": 16.086985022485933, ""ma5"": 1509.8, ""ma25"": 1662.16, ""volume"": 907800.0, ""volume_spike"": 2.2165250512745387}","{""error"": ""Not enough FY data""}",,,,no_news,1509.8,1396.8,2025-06-07 23:01:36
38,2025-04-09,2025-04-10,,40440,0,2928.0,,SKIPPED,mean_reversion,SKIPPED_GAP_AT_OPEN_TP,0.0,100.0,"{""rsi_14"": 23.76040436669419, ""ma5"": 2850.2, ""ma25"": 3249.64, ""volume"": 354700.0, ""volume_spike"": 3.821374703727645}","{""eps"": 229.14, ""eps_yoy"": -0.5449508489614745, ""profit"": 5678000000.0, ""profit_yoy"": -0.5449591280653951, ""revenue"": 144233000000.0, ""revenue_yoy"": -0.10044967225690568, ""eps_negative_years"": 1, ""profit_down_years"": 1}",,,,no_news,2850.2,2840.16,2025-06-07 23:02:39
39,2025-04-09,2025-04-10,,62090,0,2229.0,,SKIPPED,mean_reversion,SKIPPED_INVALID_SL_GT_TP,0.0,100.0,"{""rsi_14"": 21.361111795681808, ""ma5"": 2109.0, ""ma25"": 2513.44, ""volume"": 410500.0, ""volume_spike"": 3.7900470870649063}","{""eps"": 323.32, ""eps_yoy"": -0.703889585940856, ""profit"": 8756000000.0, ""profit_yoy"": -0.6673757787570278, ""revenue"": 170340000000.0, ""revenue_yoy"": 0.22912848339659128, ""eps_negative_years"": 0, ""profit_down_years"": 0}",,,,no_news,2109.0,2162.13,2025-06-07 23:02:39
40,2025-04-09,2025-04-10,,62780,0,3530.0,,SKIPPED,mean_reversion,SKIPPED_INVALID_SL_GT_TP,0.0,95.7,"{""rsi_14"": 22.588413855832997, ""ma5"": 3406.0, ""ma25"": 4083.4, ""volume"": 79200.0, ""volume_spike"": 1.3026315789473684}","{""eps"": 305.86, ""eps_yoy"": 0.7166750855521877, ""profit"": 5283000000.0, ""profit_yoy"": 0.7169320766980826, ""revenue"": 32606000000.0, ""revenue_yoy"": 0.286841897545189, ""eps_negative_years"": 0, ""profit_down_years"": 1}",,,,no_news,3406.0,3424.1,2025-06-07 23:02:39
41,2025-04-09,2025-04-10,2025-04-11,45230,100,3712.0,3600.64,BOUGHT,mean_reversion,SL,-11136.000000000013,87.7,"{""rsi_14"": 14.631363715636027, ""ma5"": 3752.2, ""ma25"": 4160.2, ""volume"": 2724400.0, ""volume_spike"": 1.8338594920605005}","{""eps"": 163.76, ""eps_yoy"": 0.1075341539221198, ""profit"": 46432000000.0, ""profit_yoy"": 0.09493939536857991, ""revenue"": 789400000000.0, ""revenue_yoy"": 0.06423853826958104, ""eps_negative_years"": 0, ""profit_down_years"": 1}",,,,no_news,3752.2,3600.64,2025-06-07 23:02:39
42,2025-04-09,2025-04-10,,268A0,0,750.0,,SKIPPED,mean_reversion,SKIPPED_GAP_AT_OPEN_TP,0.0,87.4,"{""rsi_14"": 16.92896588354982, ""ma5"": 733.4, ""ma25"": 968.84, ""volume"": 2076400.0, ""volume_spike"": 1.94343048613841}","{""error"": ""Not enough FY data""}",,,,no_news,733.4,727.5,2025-06-07 23:02:39
43,2025-04-11,2025-04-14,2025-04-15,44520,100,5819.0,6088.0,BOUGHT,mean_reversion,TP,26900.0,100.0,"{""rsi_14"": 24.21965182108201, ""ma5"": 6088.0, ""ma25"": 6408.08, ""volume"": 4626800.0, ""volume_spike"": 2.833807492428256}","{""eps"": 231.94, ""eps_yoy"": 1.4577725970692197, ""profit"": 107767000000.0, ""profit_yoy"": 1.456507864144062, ""revenue"": 1628448000000.0, ""revenue_yoy"": 0.06255403473491415, ""eps_negative_years"": 0, ""profit_down_years"": 1}",,,,no_news,6088.0,5644.43,2025-06-07 23:03:03
44,2025-04-11,2025-04-14,2025-04-16,45780,100,6800.0,6772.0,BOUGHT,mean_reversion,TIMEOUT,-2800.0,100.0,"{""rsi_14"": 27.37486564244898, ""ma5"": 7060.8, ""ma25"": 7639.2, ""volume"": 2116300.0, ""volume_spike"": 1.577156825117655}","{""eps"": 633.76, ""eps_yoy"": 1.8280232038452464, ""profit"": 343120000000.0, ""profit_yoy"": 1.8213392974608604, ""revenue"": 2329861000000.0, ""revenue_yoy"": 0.15421477007462717, ""eps_negative_years"": 0, ""profit_down_years"": 1}",,,,no_news,7060.8,6596.0,2025-06-07 23:03:03
45,2025-04-11,2025-04-14,2025-04-14,45230,100,3619.0,3636.0,BOUGHT,mean_reversion,TP,1700.0,79.2,"{""rsi_14"": 29.12790607521555, ""ma5"": 3636.0, ""ma25"": 4108.08, ""volume"": 2412400.0, ""volume_spike"": 1.465880780215106}","{""eps"": 163.76, ""eps_yoy"": 0.1075341539221198, ""profit"": 46432000000.0, ""profit_yoy"": 0.09493939536857991, ""revenue"": 789400000000.0, ""revenue_yoy"": 0.06423853826958104, ""eps_negative_years"": 0, ""profit_down_years"": 1}",,,,no_news,3636.0,3510.43,2025-06-07 23:03:03
46,2025-04-11,2025-04-14,2025-04-15,45020,100,4001.0,4093.0,BOUGHT,mean_reversion,TP,9200.0,77.1,"{""rsi_14"": 24.69950895040016, ""ma5"": 4093.0, ""ma25"": 4412.8, ""volume"": 11992500.0, ""volume_spike"": 1.9050001787054576}","{""eps"": 68.36, ""eps_yoy"": -0.2576827016768724, ""profit"": 107928000000.0, ""profit_yoy"": -0.2508485635155865, ""revenue"": 4581551000000.0, ""revenue_yoy"": 0.07453253722886033, ""eps_negative_years"": 0, ""profit_down_years"": 1}",,,,no_news,4093.0,3880.97,2025-06-07 23:03:03
47,2025-04-11,2025-04-14,2025-04-14,35930,100,4150.0,4025.5,BOUGHT,mean_reversion,SL,-12450.0,65.8,"{""rsi_14"": 23.89113983951721, ""ma5"": 4208.0, ""ma25"": 4672.6, ""volume"": 102200.0, ""volume_spike"": 1.5678453631970546}","{""eps"": 67.98, ""eps_yoy"": -0.41178506529274156, ""profit"": 1520000000.0, ""profit_yoy"": -0.4579172610556348, ""revenue"": 39138000000.0, ""revenue_yoy"": 0.0009718670076726343, ""eps_negative_years"": 0, ""profit_down_years"": 0}",,,,no_news,4208.0,4025.5,2025-06-07 23:03:03
48,2025-04-28,2025-04-30,2025-04-30,22940,100,2830.0,2745.1,BOUGHT,mean_reversion,SL,-8490.00000000001,100.0,"{""rsi_14"": 27.693707228663555, ""ma5"": 3004.2, ""ma25"": 3011.28, ""volume"": 261900.0, ""volume_spike"": 4.08071050171393}","{""eps"": 133.74, ""eps_yoy"": -0.36495726493993547, ""profit"": 1400000000.0, ""profit_yoy"": -0.36507936507936506, ""revenue"": 37052000000.0, ""revenue_yoy"": -0.15618310179913458, ""eps_negative_years"": 0, ""profit_down_years"": 1}",,,,no_news,3004.2,2745.1,2025-06-07 23:04:24
49,2025-04-30,2025-05-01,2025-05-07,90440,100,2260.0,2243.0,BOUGHT,mean_reversion,TIMEOUT,-1700.0,100.0,"{""rsi_14"": 26.742949236037518, ""ma5"": 2405.4, ""ma25"": 2415.12, ""volume"": 1066900.0, ""volume_spike"": 4.543963883387636}","{""eps"": 198.69, ""eps_yoy"": -0.05972268231225582, ""profit"": 22496000000.0, ""profit_yoy"": -0.05976761681852378, ""revenue"": 260787000000.0, ""revenue_yoy"": 0.07944319809266787, ""eps_negative_years"": 0, ""profit_down_years"": 0}",,,,no_news,2405.4,2192.2,2025-06-07 23:04:41
50,2025-04-30,2025-05-01,2025-05-07,90230,100,1820.0,1823.0,BOUGHT,mean_reversion,TIMEOUT,300.0,100.0,"{""rsi_14"": 27.055018626913423, ""ma5"": 1969.8, ""ma25"": 1922.04, ""volume"": 15621600.0, ""volume_spike"": 3.7204162533624996}","{""error"": ""Not enough FY data""}",,,,no_news,1969.8,1765.3999999999999,2025-06-07 23:04:41
51,2025-04-30,2025-05-01,2025-05-07,22940,100,2716.0,2740.0,BOUGHT,mean_reversion,TIMEOUT,2400.0,85.5,"{""rsi_14"": 19.012168031999693, ""ma5"": 2941.4, ""ma25"": 2998.32, ""volume"": 182000.0, ""volume_spike"": 2.4698059438187}","{""eps"": 133.74, ""eps_yoy"": -0.36495726493993547, ""profit"": 1400000000.0, ""profit_yoy"": -0.36507936507936506, ""revenue"": 37052000000.0, ""revenue_yoy"": -0.15618310179913458, ""eps_negative_years"": 0, ""profit_down_years"": 1}",,,,no_news,2941.4,2634.52,2025-06-07 23:04:41
52,2025-05-09,2025-05-12,2025-05-13,49120,100,1628.5,1579.645,BOUGHT,mean_reversion,SL,-4885.500000000002,100.0,"{""rsi_14"": 20.624913227319595, ""ma5"": 1710.2, ""ma25"": 1758.88, ""volume"": 6724700.0, ""volume_spike"": 6.991749886931343}","{""eps"": 76.51, ""eps_yoy"": 0.48794243475535937, ""profit"": 21197000000.0, ""profit_yoy"": 0.44946663019693656, ""revenue"": 412943000000.0, ""revenue_yoy"": 0.025265227786784916, ""eps_negative_years"": 0, ""profit_down_years"": 1}",,,,no_news,1710.2,1579.645,2025-06-07 23:05:24
53,2025-05-12,2025-05-13,2025-05-14,45020,100,4162.0,4037.14,BOUGHT,mean_reversion,SL,-12486.000000000013,88.1,"{""rsi_14"": 26.02548285893137, ""ma5"": 4249.8, ""ma25"": 4239.16, ""volume"": 13248400.0, ""volume_spike"": 2.423876511904043}","{""eps"": 68.36, ""eps_yoy"": -0.2576827016768724, ""profit"": 107928000000.0, ""profit_yoy"": -0.2508485635155865, ""revenue"": 4581551000000.0, ""revenue_yoy"": 0.07453253722886033, ""eps_negative_years"": 0, ""profit_down_years"": 1}",,,,no_news,4249.8,4037.14,2025-06-07 23:05:34
54,2025-05-14,2025-05-15,2025-05-19,45480,100,650.0,657.0,BOUGHT,mean_reversion,TIMEOUT,700.0,100.0,"{""rsi_14"": 25.50214955202027, ""ma5"": 701.6, ""ma25"": 684.8, ""volume"": 408300.0, ""volume_spike"": 4.647694934547524}","{""eps"": 22.25, ""eps_yoy"": -0.4448602793301247, ""profit"": 1214000000.0, ""profit_yoy"": -0.444647758462946, ""revenue"": 39374000000.0, ""revenue_yoy"": 0.0872890950763538, ""eps_negative_years"": 0, ""profit_down_years"": 0}",,,,no_news,701.6,630.5,2025-06-07 23:05:57
55,2025-05-14,2025-05-15,2025-05-19,45490,100,2050.0,2015.0,BOUGHT,mean_reversion,TIMEOUT,-3500.0,100.0,"{""rsi_14"": 27.43289067777387, ""ma5"": 2187.6, ""ma25"": 2179.8, ""volume"": 259200.0, ""volume_spike"": 2.831858407079646}","{""eps"": 64.82, ""eps_yoy"": -0.09582926487713367, ""profit"": 2228000000.0, ""profit_yoy"": -0.15413819286256644, ""revenue"": 40539000000.0, ""revenue_yoy"": 0.012159193049036253, ""eps_negative_years"": 0, ""profit_down_years"": 1}",,,,no_news,2187.6,1988.5,2025-06-07 23:05:57
56,2025-05-14,2025-05-15,2025-05-19,98430,100,15530.0,15335.0,BOUGHT,mean_reversion,TIMEOUT,-19500.0,78.5,"{""rsi_14"": 28.640118008858536, ""ma5"": 16776.0, ""ma25"": 16734.2, ""volume"": 2003800.0, ""volume_spike"": 1.7461928934010151}","{""eps"": 680.38, ""eps_yoy"": -0.11133460463269855, ""profit"": 76891000000.0, ""profit_yoy"": -0.11132300082059106, ""revenue"": 928950000000.0, ""revenue_yoy"": 0.03700718576377067, ""eps_negative_years"": 0, ""profit_down_years"": 1}",,,,no_news,16776.0,15064.1,2025-06-07 23:05:57
57,2025-05-15,2025-05-16,2025-05-16,93410,100,770.0,746.9,BOUGHT,mean_reversion,SL,-2310.0000000000023,100.0,"{""rsi_14"": 14.128717412118007, ""ma5"": 959.0, ""ma25"": 956.36, ""volume"": 1210000.0, ""volume_spike"": 14.868518063406242}","{""eps"": 79.78, ""eps_yoy"": -0.18048279402357645, ""profit"": 1413000000.0, ""profit_yoy"": -0.1813441483198146, ""revenue"": 10006000000.0, ""revenue_yoy"": 0.1523666935390994, ""eps_negative_years"": 0, ""profit_down_years"": 1}",,,,no_news,959.0,746.9,2025-06-07 23:06:15
58,2025-05-15,2025-05-16,2025-05-20,50760,100,1148.0,1162.0,BOUGHT,mean_reversion,TIMEOUT,1400.0,100.0,"{""rsi_14"": 22.488737362514996, ""ma5"": 1225.9, ""ma25"": 1202.14, ""volume"": 3794800.0, ""volume_spike"": 5.29264499752439}","{""eps"": 124.15, ""eps_yoy"": -0.048731897935121185, ""profit"": 32416000000.0, ""profit_yoy"": -0.004758834546068589, ""revenue"": 847548000000.0, ""revenue_yoy"": 0.06843119062506303, ""eps_negative_years"": 0, ""profit_down_years"": 1}",,,,no_news,1225.9,1113.56,2025-06-07 23:06:15
59,2025-05-15,2025-05-16,2025-05-20,45230,100,3670.0,3897.4,BOUGHT,mean_reversion,TP,22740.000000000007,100.0,"{""rsi_14"": 28.860077980670226, ""ma5"": 3897.4, ""ma25"": 3922.64, ""volume"": 3933800.0, ""volume_spike"": 2.844334540827025}","{""eps"": 163.76, ""eps_yoy"": 0.1075341539221198, ""profit"": 46432000000.0, ""profit_yoy"": 0.09493939536857991, ""revenue"": 789400000000.0, ""revenue_yoy"": 0.06423853826958104, ""eps_negative_years"": 0, ""profit_down_years"": 1}",,,,no_news,3897.4,3559.9,2025-06-07 23:06:15
60,2025-05-15,2025-05-16,2025-05-20,45490,100,2005.0,2015.0,BOUGHT,mean_reversion,TIMEOUT,1000.0,76.7,"{""rsi_14"": 20.418333592481673, ""ma5"": 2145.8, ""ma25"": 2179.2, ""volume"": 167300.0, ""volume_spike"": 1.6544699367088607}","{""eps"": 64.82, ""eps_yoy"": -0.09582926487713367, ""profit"": 2228000000.0, ""profit_yoy"": -0.15413819286256644, ""revenue"": 40539000000.0, ""revenue_yoy"": 0.012159193049036253, ""eps_negative_years"": 0, ""profit_down_years"": 1}",,,,no_news,2145.8,1944.85,2025-06-07 23:06:15
61,2025-05-16,2025-05-19,2025-05-21,75930,100,476.0,482.0,BOUGHT,mean_reversion,TIMEOUT,600.0,100.0,"{""rsi_14"": 20.82264788892998, ""ma5"": 504.8, ""ma25"": 498.16, ""volume"": 587200.0, ""volume_spike"": 4.006003547550826}","{""eps"": 43.83, ""eps_yoy"": -0.2291593386863948, ""profit"": 5302000000.0, ""profit_yoy"": -0.20830222487681052, ""revenue"": 351630000000.0, ""revenue_yoy"": 0.12845149612970308, ""eps_negative_years"": 0, ""profit_down_years"": 1}",,,,no_news,504.8,461.71999999999997,2025-06-07 23:06:29
62,2025-05-16,2025-05-19,2025-05-20,268A0,100,791.0,767.27,BOUGHT,mean_reversion,SL,-2373.000000000002,89.4,"{""rsi_14"": 27.56227458013055, ""ma5"": 891.6, ""ma25"": 838.24, ""volume"": 2612000.0, ""volume_spike"": 2.024053065526006}","{""error"": ""Not enough FY data""}",,,,no_news,891.6,767.27,2025-06-07 23:06:29
63,2025-05-16,2025-05-19,2025-05-21,97880,100,582.0,582.0,BOUGHT,mean_reversion,TIMEOUT,0.0,83.1,"{""rsi_14"": 27.76770227678817, ""ma5"": 604.8, ""ma25"": 597.6, ""volume"": 57200.0, ""volume_spike"": 1.8803418803418803}","{""eps"": 31.82, ""eps_yoy"": -0.0421432871637136, ""profit"": 1365000000.0, ""profit_yoy"": -0.04944289693593315, ""revenue"": 59791000000.0, ""revenue_yoy"": 0.09843293590285306, ""eps_negative_years"": 0, ""profit_down_years"": 1}",,,,no_news,604.8,564.54,2025-06-07 23:06:29
64,2025-05-20,2025-05-21,2025-05-22,268A0,100,760.0,737.1999999999999,BOUGHT,mean_reversion,SL,-2280.000000000007,74.5,"{""rsi_14"": 22.933283322996758, ""ma5"": 827.4, ""ma25"": 843.56, ""volume"": 1750400.0, ""volume_spike"": 1.3851498389636698}","{""error"": ""Not enough FY data""}",,,,no_news,827.4,737.1999999999999,2025-06-07 23:06:45
